"Country","Year","Births","Maternal_Population","Maternal_PosPop","Infant_Incidence","Maternal_Prevalence"
"Benin",1970,138160,676500,0,0,0
"Benin",1971,138711,688658,0,0,0
"Benin",1972,141959,701892,0,0,0
"Benin",1973,145437,716229,0,0,0
"Benin",1974,149188,731650,0,0,0
"Benin",1975,153115,748169,0,0,0
"Benin",1976,157102,765879,0,0,0
"Benin",1977,161017,784847,0,0,0
"Benin",1978,164962,805104,0,0,0
"Benin",1979,169135,826680,0,0,0
"Benin",1980,173616,849657,0,0,0
"Benin",1981,178446,874003,0,0,0
"Benin",1982,183614,899645,95.8121925,7,0.01065
"Benin",1983,188921,926374,125.8942266,7,0.01359
"Benin",1984,194212,953401,157.6925254,8,0.01654
"Benin",1985,199382,978755,196.925506,10,0.02012
"Benin",1986,204753,1008711,250.8664257,12,0.02487
"Benin",1987,210591,1039997,330.1990475,16,0.03175
"Benin",1988,216517,1073406,451.1525418,21,0.04203
"Benin",1989,222335,1108255,638.576531,29,0.05762
"Benin",1990,228377,1148520,933.517056,41,0.08128
"Benin",1991,235244,1191880,1394.976352,60,0.11704
"Benin",1992,242797,1237048,2111.640936,89,0.1707
"Benin",1993,250286,1282247,3207.2844211,134,0.25013
"Benin",1994,257187,1326330,4845.08349,200,0.3653
"Benin",1995,263197,1367492,7083.3350616,288,0.51798
"Benin",1996,268553,1408521,9719.7808647,386,0.69007
"Benin",1997,273700,1449514,12306.8087142,474,0.84903
"Benin",1998,279077,1494038,14563.4342126,543,0.97477
"Benin",1999,284996,1542132,16346.5992,591,1.06
"Benin",2000,291573,1595665,17871.448,633,1.12
"Benin",2001,298617,1653075,19175.67,667,1.16
"Benin",2002,305625,1713251,20387.6869,693,1.19
"Benin",2003,312236,1775062,21478.2502,711,1.21
"Benin",2004,318382,1838050,22240.405,722,1.21
"Benin",2005,324184,1901347,23006.2987,725,1.21
"Benin",2006,329682,1965881,23393.9839,723,1.19
"Benin",2007,335106,2032111,23978.9098,341,1.18
"Benin",2008,340589,2100193,24572.2581,358,1.17
"Benin",2009,345916,2169463,25165.7708,364,1.16
"Benin",2010,351113,2239300,25528.02,305,1.14
"Benin",2011,356127,2309895,25639.8345,210,1.11
"Benin",2012,361073,2381363,25956.8567,123,1.09
"Benin",2013,366227,2454022,26012.6332,107,1.06
"Benin",2014,371669,2527997,26038.3691,96,1.03
"Benin",2015,377332,2603688,25960.8523104,113,0.99708
"Benin",2016,383005,2681001,25816.9672296,105,0.96296
"Benin",2017,388510,2760208,25603.1373664,90,0.92758
"Burkina Faso",1970,270548,1299084,0,0,0
"Burkina Faso",1971,269949,1320098,0,0,0
"Burkina Faso",1972,275325,1342282,1019.0604944,46,0.07592
"Burkina Faso",1973,281707,1365332,1383.3543824,60,0.10132
"Burkina Faso",1974,289027,1388798,1818.3532214,78,0.13093
"Burkina Faso",1975,296744,1412268,2318.3791488,99,0.16416
"Burkina Faso",1976,304430,1436526,2922.3248418,125,0.20343
"Burkina Faso",1977,311774,1462193,3685.8961144,158,0.25208
"Burkina Faso",1978,319105,1489876,4683.2762184,201,0.31434
"Burkina Faso",1979,326873,1519925,6010.5434125,260,0.39545
"Burkina Faso",1980,334892,1552569,7789.8597006,338,0.50174
"Burkina Faso",1981,342924,1587727,10173.5195252,443,0.64076
"Burkina Faso",1982,350737,1625175,13347.3997575,583,0.82129
"Burkina Faso",1983,358231,1664310,17475.255,766,1.05
"Burkina Faso",1984,365417,1703621,22147.073,958,1.3
"Burkina Faso",1985,372164,1739321,27481.2718,1181,1.58
"Burkina Faso",1986,379211,1781229,33843.351,1446,1.9
"Burkina Faso",1987,387308,1825440,41254.944,1758,2.26
"Burkina Faso",1988,396162,1872208,49987.9536,2124,2.67
"Burkina Faso",1989,405392,1921756,58805.7336,2477,3.06
"Burkina Faso",1990,414661,1974375,67128.75,2791,3.4
"Burkina Faso",1991,424333,2030032,73690.1616,3009,3.63
"Burkina Faso",1992,434720,2088643,78741.8411,3170,3.77
"Burkina Faso",1993,445580,2150372,82359.2476,3272,3.83
"Burkina Faso",1994,456991,2215415,83299.604,3239,3.76
"Burkina Faso",1995,468917,2283611,82666.7182,3164,3.62
"Burkina Faso",1996,481287,2354846,81242.187,3063,3.45
"Burkina Faso",1997,493954,2428850,79180.51,2933,3.26
"Burkina Faso",1998,506689,2505404,76414.822,2776,3.05
"Burkina Faso",1999,519559,2584392,73396.7328,2610,2.84
"Burkina Faso",2000,532723,2665540,70103.702,2441,2.63
"Burkina Faso",2001,546047,2748818,66796.2774,2277,2.43
"Burkina Faso",2002,559396,2834517,63493.1808,2118,2.24
"Burkina Faso",2003,572825,2923338,60513.0966,1168,2.07
"Burkina Faso",2004,586434,3015836,57602.4676,1097,1.91
"Burkina Faso",2005,600214,3112140,55396.092,1044,1.78
"Burkina Faso",2006,613758,3212171,53643.2557,1008,1.67
"Burkina Faso",2007,626705,3315710,52388.218,711,1.58
"Burkina Faso",2008,638840,3423135,51004.7115,678,1.49
"Burkina Faso",2009,650147,3534375,49481.25,614,1.4
"Burkina Faso",2010,661189,3649864,48178.2048,569,1.32
"Burkina Faso",2011,672089,3769616,46366.2768,569,1.23
"Burkina Faso",2012,683114,3893505,45164.658,463,1.16
"Burkina Faso",2013,694650,4021180,43428.744,448,1.08
"Burkina Faso",2014,706771,4152944,41944.7344,347,1.01
"Burkina Faso",2015,719374,4288663,40360.1786267,148,0.94109
"Burkina Faso",2016,731994,4428203,38872.5372152,107,0.87784
"Burkina Faso",2017,744286,4571946,37321.2523926,91,0.81631
"Chad",1970,174030,835138,0,0,0
"Chad",1971,175480,853231,0,0,0
"Chad",1972,181188,871525,0,0,0
"Chad",1973,186874,889565,0,0,0
"Chad",1974,192505,906823,0,0,0
"Chad",1975,197767,921574,0,0,0
"Chad",1976,202605,935288,0,0,0
"Chad",1977,207287,948892,0,0,0
"Chad",1978,211981,963250,0,0,0
"Chad",1979,216818,978668,0,0,0
"Chad",1980,221899,995567,399.8197072,22,0.04016
"Chad",1981,227327,1014046,519.3943612,25,0.05122
"Chad",1982,233178,1034210,692.9207,34,0.067
"Chad",1983,239507,1056431,1024.8437131,50,0.09701
"Chad",1984,246380,1080809,1864.1793632,93,0.17248
"Chad",1985,253778,1107270,3518.461152,175,0.31776
"Chad",1986,262097,1139227,5455.758103,265,0.4789
"Chad",1987,271265,1173059,7398.1311953,350,0.63067
"Chad",1988,281019,1208534,9412.4253522,439,0.77883
"Chad",1989,291334,1245730,11561.62013,536,0.9281
"Chad",1990,301747,1284186,13869.2088,640,1.08
"Chad",1991,312199,1324157,16287.1311,751,1.23
"Chad",1992,322653,1365732,18983.6748,869,1.39
"Chad",1993,333112,1409544,21988.8864,1004,1.56
"Chad",1994,344112,1455944,25479.02,1165,1.75
"Chad",1995,355759,1505538,29659.0986,1357,1.97
"Chad",1996,368092,1558263,34593.4386,1581,2.22
"Chad",1997,381091,1614284,40034.2432,1836,2.48
"Chad",1998,394329,1673519,46189.1244,2104,2.76
"Chad",1999,407506,1735701,52071.03,2356,3
"Chad",2000,421124,1802086,57666.752,2572,3.2
"Chad",2001,435354,1871386,62504.2924,2744,3.34
"Chad",2002,450128,1943048,66452.2416,2875,3.42
"Chad",2003,464933,2016470,69769.862,2973,3.46
"Chad",2004,479112,2091487,72365.4502,3045,3.46
"Chad",2005,492621,2166646,74315.9578,3074,3.43
"Chad",2006,505470,2244684,75645.8508,1268,3.37
"Chad",2007,518117,2325951,76988.9781,1255,3.31
"Chad",2008,530424,2411970,77906.631,1186,3.23
"Chad",2009,542196,2502636,78833.034,1156,3.15
"Chad",2010,554031,2598040,79240.22,1291,3.05
"Chad",2011,566101,2697264,79029.8352,1272,2.93
"Chad",2012,578626,2800897,78985.2954,1068,2.82
"Chad",2013,591874,2908484,78529.068,977,2.7
"Chad",2014,605503,3020310,78226.029,1060,2.59
"Chad",2015,619453,3136201,77777.7848,709,2.48
"Chad",2016,633477,3255775,77161.8675,616,2.37
"Chad",2017,647307,3379763,76720.6201,516,2.27
"Eritrea",1970,86203,428829,0,0,0
"Eritrea",1971,86097,439350,0,0,0
"Eritrea",1972,88229,450458,0,0,0
"Eritrea",1973,90478,462078,0,0,0
"Eritrea",1974,92774,474082,0,0,0
"Eritrea",1975,95117,486376,0,0,0
"Eritrea",1976,97514,499081,0,0,0
"Eritrea",1977,99988,512310,0,0,0
"Eritrea",1978,102681,526086,0,0,0
"Eritrea",1979,105652,540426,0,0,0
"Eritrea",1980,108818,555618,0,0,0
"Eritrea",1981,112068,571474,0,0,0
"Eritrea",1982,115257,588025,0,0,0
"Eritrea",1983,118224,605023,481.2957965,22,0.07955
"Eritrea",1984,121011,621941,592.7719671,24,0.09531
"Eritrea",1985,123568,637815,700.831122,28,0.10988
"Eritrea",1986,126060,655223,820.9288967,33,0.12529
"Eritrea",1987,128627,672572,969.1089948,39,0.14409
"Eritrea",1988,130953,688408,1165.5435848,47,0.16931
"Eritrea",1989,132607,700863,1437.470013,57,0.2051
"Eritrea",1990,131862,696500,1792.30345,72,0.25733
"Eritrea",1991,128467,685443,2281.5655698,91,0.33286
"Eritrea",1992,124061,672418,2939.7442542,117,0.43719
"Eritrea",1993,119555,663222,3783.4162212,148,0.57046
"Eritrea",1994,115919,661602,4761.2849532,181,0.71966
"Eritrea",1995,114418,674742,5778.153117,210,0.85635
"Eritrea",1996,115143,695101,6649.1971458,233,0.95658
"Eritrea",1997,117349,721058,7354.7916,249,1.02
"Eritrea",1998,120640,751554,7966.4724,263,1.06
"Eritrea",1999,124727,787316,8345.5496,270,1.06
"Eritrea",2000,129886,830077,8632.8008,272,1.04
"Eritrea",2001,136123,877542,8863.1742,271,1.01
"Eritrea",2002,143080,927539,8884.896081,164,0.9579
"Eritrea",2003,150219,975282,8748.767181,156,0.89705
"Eritrea",2004,156637,1015778,8499.3192594,117,0.83673
"Eritrea",2005,161761,1048106,8181.2010042,108,0.78057
"Eritrea",2006,165402,1073052,7844.1174252,102,0.73101
"Eritrea",2007,167730,1093952,7559.3177152,115,0.69101
"Eritrea",2008,169165,1113559,7336.0153361,109,0.65879
"Eritrea",2009,170007,1132222,7128.8093786,104,0.62963
"Eritrea",2010,170559,1152303,6904.3691154,89,0.59918
"Eritrea",2011,170876,1173194,6692.485173,74,0.57045
"Eritrea",2012,170958,1195253,6460.1034144,44,0.54048
"Eritrea",2013,170918,1219648,6222.8880256,39,0.51022
"Eritrea",2014,170902,1247822,6028.851993,32,0.48315
"Eritrea",2015,171187,1282077,5851.2712203,29,0.45639
"Eritrea",2016,171763,1320257,5690.9677985,20,0.43105
"Eritrea",2017,172415,1361736,5546.350728,16,0.4073
"Ethiopia",1970,1395858,6557538,0,0,0
"Ethiopia",1971,1407666,6714343,0,0,0
"Ethiopia",1972,1449568,6875951,0,0,0
"Ethiopia",1973,1488149,7040316,0,0,0
"Ethiopia",1974,1525651,7204145,0,0,0
"Ethiopia",1975,1556116,7302714,0,0,0
"Ethiopia",1976,1577506,7372733,0,0,0
"Ethiopia",1977,1595709,7429607,0,0,0
"Ethiopia",1978,1617938,7498598,0,0,0
"Ethiopia",1979,1648845,7600519,0,0,0
"Ethiopia",1980,1690293,7767555,0,0,0
"Ethiopia",1981,1738291,7962442,0,0,0
"Ethiopia",1982,1785984,8191642,6965.3531926,316,0.08503
"Ethiopia",1983,1834765,8443719,9834.3995193,446,0.11647
"Ethiopia",1984,1887365,8709874,14657.8469546,671,0.16829
"Ethiopia",1985,1940280,8957666,26724.3007444,1254,0.29834
"Ethiopia",1986,1996337,9263156,60832.9980832,2900,0.65672
"Ethiopia",1987,2059026,9590315,109329.591,5167,1.14
"Ethiopia",1988,2122336,9938072,152052.5016,6896,1.53
"Ethiopia",1989,2183699,10307020,189649.168,8319,1.84
"Ethiopia",1990,2245035,10708138,225941.7118,9719,2.11
"Ethiopia",1991,2312200,11124267,263645.1279,11192,2.37
"Ethiopia",1992,2387742,11550160,302614.192,12743,2.62
"Ethiopia",1993,2468615,11974683,342475.9338,14340,2.86
"Ethiopia",1994,2551369,12386784,381512.9472,15910,3.08
"Ethiopia",1995,2629849,12769663,417567.9801,17301,3.27
"Ethiopia",1996,2701780,13147712,448336.9792,18380,3.41
"Ethiopia",1997,2766224,13521551,470549.9748,18994,3.48
"Ethiopia",1998,2815242,13900231,486508.085,19229,3.5
"Ethiopia",1999,2847856,14288872,497252.7456,19148,3.48
"Ethiopia",2000,2870229,14703518,496978.9084,18493,3.38
"Ethiopia",2001,2886735,15133845,488823.1935,10808,3.23
"Ethiopia",2002,2901205,15582494,472149.5682,9761,3.03
"Ethiopia",2003,2910190,16049893,452606.9826,8911,2.82
"Ethiopia",2004,2908525,16537254,431622.3294,8083,2.61
"Ethiopia",2005,2901229,17047085,412539.457,7372,2.42
"Ethiopia",2006,2892914,17588018,395730.405,6490,2.25
"Ethiopia",2007,2890394,18168217,383349.3787,5213,2.11
"Ethiopia",2008,2897881,18794416,374008.8784,4939,1.99
"Ethiopia",2009,2913346,19471618,366066.4184,4722,1.88
"Ethiopia",2010,2936752,20199882,361577.8878,3889,1.79
"Ethiopia",2011,2965349,20973322,356546.474,3027,1.7
"Ethiopia",2012,2995495,21778317,350630.9037,2637,1.61
"Ethiopia",2013,3025482,22602084,343551.6768,2061,1.52
"Ethiopia",2014,3055270,23436812,335146.4116,1122,1.43
"Ethiopia",2015,3085350,24279507,325345.3938,759,1.34
"Ethiopia",2016,3115679,25130649,314133.1125,620,1.25
"Ethiopia",2017,3146591,25988063,304060.3371,558,1.17
"Ghana",1970,405211,1889265,0,0,0
"Ghana",1971,404100,1934074,704.7765656,33,0.03644
"Ghana",1972,412507,1982649,822.9975999,35,0.04151
"Ghana",1973,420663,2032880,938.783984,39,0.04618
"Ghana",1974,427875,2082534,1069.5894624,44,0.05136
"Ghana",1975,433275,2121679,1227.6034694,51,0.05786
"Ghana",1976,436909,2157766,1439.8772518,59,0.06673
"Ghana",1977,440183,2193938,1747.2522232,71,0.07964
"Ghana",1978,443961,2236851,2212.4693241,90,0.09891
"Ghana",1979,449163,2292759,2917.5358275,117,0.12725
"Ghana",1980,456866,2366603,3970.4498531,157,0.16777
"Ghana",1981,467085,2454162,5487.2608158,215,0.22359
"Ghana",1982,478979,2551142,7579.6979962,293,0.29711
"Ghana",1983,491198,2649628,10310.7623992,393,0.38914
"Ghana",1984,502539,2746066,13688.0405836,513,0.49846
"Ghana",1985,512064,2830550,17636.307885,649,0.62307
"Ghana",1986,520603,2922658,22108.1541752,797,0.75644
"Ghana",1987,529148,3015009,26994.8830815,953,0.89535
"Ghana",1988,537332,3111413,32358.6952,1114,1.04
"Ghana",1989,545140,3211398,37894.4964,1278,1.18
"Ghana",1990,552706,3318356,43802.2992,1444,1.32
"Ghana",1991,560654,3430130,50079.898,1611,1.46
"Ghana",1992,569055,3545464,56372.8776,1778,1.59
"Ghana",1993,576570,3661278,62973.9816,1941,1.72
"Ghana",1994,582390,3774410,69449.144,2094,1.84
"Ghana",1995,587074,3883371,76114.0716,2237,1.96
"Ghana",1996,591826,3988701,82167.2406,2370,2.06
"Ghana",1997,598258,4093237,88004.5955,2494,2.15
"Ghana",1998,607252,4204806,93767.1738,2603,2.23
"Ghana",1999,618269,4324823,98173.4821,2691,2.27
"Ghana",2000,631410,4462283,102186.2807,2753,2.29
"Ghana",2001,646194,4611559,105143.5452,2789,2.28
"Ghana",2002,661342,4769425,107312.0625,2797,2.25
"Ghana",2003,675520,4932808,108521.776,2778,2.2
"Ghana",2004,689011,5100301,109146.4414,1716,2.14
"Ghana",2005,703273,5271237,109641.7296,1681,2.08
"Ghana",2006,719579,5445238,109449.2838,1649,2.01
"Ghana",2007,739391,5621554,109058.1476,1349,1.94
"Ghana",2008,761632,5795403,108374.0361,1196,1.87
"Ghana",2009,783389,5960879,107295.822,1172,1.8
"Ghana",2010,803202,6110456,106321.9344,1148,1.74
"Ghana",2011,820808,6255404,106341.868,793,1.7
"Ghana",2012,836404,6393723,106135.8018,784,1.66
"Ghana",2013,847240,6529050,105770.61,813,1.62
"Ghana",2014,852488,6663575,105284.485,760,1.58
"Ghana",2015,854475,6801258,104059.2474,738,1.53
"Ghana",2016,855137,6940437,103412.5113,536,1.49
"Ghana",2017,856609,7082183,101983.4352,461,1.44
"Guinea",1970,193532,1000601,0,0,0
"Guinea",1971,192775,1010094,0,0,0
"Guinea",1972,195195,1017505,0,0,0
"Guinea",1973,197511,1023758,0,0,0
"Guinea",1974,199791,1029030,0,0,0
"Guinea",1975,201944,1033198,0,0,0
"Guinea",1976,203957,1036927,0,0,0
"Guinea",1977,205933,1040681,0,0,0
"Guinea",1978,208140,1046093,0,0,0
"Guinea",1979,210942,1055280,311.729712,15,0.02954
"Guinea",1980,214832,1072244,459.7782272,21,0.04288
"Guinea",1981,219725,1092923,605.3700497,26,0.05539
"Guinea",1982,225052,1116533,764.7134517,32,0.06849
"Guinea",1983,230724,1141906,955.3185596,39,0.08366
"Guinea",1984,236752,1168162,1198.0669472,49,0.10256
"Guinea",1985,242596,1190841,1518.322275,61,0.1275
"Guinea",1986,248790,1221064,1953.3360808,79,0.15997
"Guinea",1987,255914,1254913,2554.2499202,103,0.20354
"Guinea",1988,263530,1294412,3394.2071464,136,0.26222
"Guinea",1989,271920,1341800,4573.39112,183,0.34084
"Guinea",1990,282462,1409696,6256.7947264,247,0.44384
"Guinea",1991,295800,1488166,8562.7583474,336,0.57539
"Guinea",1992,310816,1572988,11561.4618,450,0.735
"Guinea",1993,325668,1655646,15136.4124258,582,0.91423
"Guinea",1994,338431,1728296,19011.256,720,1.1
"Guinea",1995,347739,1783597,22651.6819,847,1.27
"Guinea",1996,354007,1830467,26175.6781,958,1.43
"Guinea",1997,358629,1871372,29193.4032,1053,1.56
"Guinea",1998,362432,1911579,31923.3693,1124,1.67
"Guinea",1999,365919,1950566,33939.8484,1176,1.74
"Guinea",2000,369660,1992665,35668.7035,1209,1.79
"Guinea",2001,373646,2034294,36820.7214,1225,1.81
"Guinea",2002,377528,2076035,37783.837,1235,1.82
"Guinea",2003,381538,2120108,38585.9656,1238,1.82
"Guinea",2004,386061,2169535,39268.5835,799,1.81
"Guinea",2005,391798,2228955,40121.19,797,1.8
"Guinea",2006,398457,2293381,41051.5199,799,1.79
"Guinea",2007,405403,2361422,42033.3116,663,1.78
"Guinea",2008,412493,2432194,42806.6144,695,1.76
"Guinea",2009,419599,2505299,43842.7325,612,1.75
"Guinea",2010,426749,2580108,44635.8684,623,1.73
"Guinea",2011,433690,2656775,45430.8525,707,1.71
"Guinea",2012,440320,2735734,46233.9046,554,1.69
"Guinea",2013,446743,2816393,47315.4024,356,1.68
"Guinea",2014,452855,2898446,47824.359,229,1.65
"Guinea",2015,458754,2982158,48609.1754,211,1.63
"Guinea",2016,464391,3068160,49090.56,209,1.6
"Guinea",2017,469867,3157319,49569.9083,186,1.57
"Lesotho",1970,44763,251266,0,0,0
"Lesotho",1971,44636,256433,0,0,0
"Lesotho",1972,45672,261907,0,0,0
"Lesotho",1973,46688,267668,0,0,0
"Lesotho",1974,47647,273697,0,0,0
"Lesotho",1975,48589,280081,0,0,0
"Lesotho",1976,49543,286760,0,0,0
"Lesotho",1977,50531,293762,0,0,0
"Lesotho",1978,51506,300895,0,0,0
"Lesotho",1979,52381,307872,0,0,0
"Lesotho",1980,53124,314423,0,0,0
"Lesotho",1981,53758,320658,0,0,0
"Lesotho",1982,54354,326784,0,0,0
"Lesotho",1983,54921,332638,0,0,0
"Lesotho",1984,55382,337651,0,0,0
"Lesotho",1985,55538,340246,0,0,0
"Lesotho",1986,55407,343186,0,0,0
"Lesotho",1987,55154,346342,0,0,0
"Lesotho",1988,54835,350556,606.3917688,22,0.17298
"Lesotho",1989,54616,356364,1339.4297304,47,0.37586
"Lesotho",1990,54627,364546,3095.9433596,104,0.84926
"Lesotho",1991,54953,374085,7145.0235,237,1.91
"Lesotho",1992,55538,384395,14952.9655,495,3.89
"Lesotho",1993,56259,394886,25904.5216,855,6.56
"Lesotho",1994,57030,405217,37563.6159,1213,9.27
"Lesotho",1995,57732,414902,48087.1418,1504,11.59
"Lesotho",1996,58257,424008,57113.8776,1732,13.47
"Lesotho",1997,58531,432502,64832.0498,1910,14.99
"Lesotho",1998,58433,440499,71492.9877,2046,16.23
"Lesotho",1999,58016,448116,77300.01,2146,17.25
"Lesotho",2000,57438,455468,82530.8016,2221,18.12
"Lesotho",2001,56838,462367,87294.8896,2280,18.88
"Lesotho",2002,56368,468847,91706.4732,2331,19.56
"Lesotho",2003,55979,474983,95851.5694,2375,20.18
"Lesotho",2004,55650,480879,99830.4804,1701,20.76
"Lesotho",2005,55500,487263,103689.5664,1692,21.28
"Lesotho",2006,55645,494418,107437.0314,1655,21.73
"Lesotho",2007,56144,501591,111202.7247,1265,22.17
"Lesotho",2008,56839,508972,115129.4664,1286,22.62
"Lesotho",2009,57641,517447,119375.0229,1360,23.07
"Lesotho",2010,58557,527951,123382.1487,1279,23.37
"Lesotho",2011,59545,539513,127217.1654,1209,23.58
"Lesotho",2012,60410,551368,131280.7208,1309,23.81
"Lesotho",2013,60998,562875,135427.725,1092,24.06
"Lesotho",2014,61364,574315,139443.682,938,24.28
"Lesotho",2015,61587,585589,143235.0694,904,24.46
"Lesotho",2016,61691,597137,146358.2787,777,24.51
"Lesotho",2017,61768,609298,148059.414,649,24.3
"Liberia",1970,70693,329588,0,0,0
"Liberia",1971,71028,337577,0,0,0
"Liberia",1972,72929,345844,0,0,0
"Liberia",1973,74905,354422,0,0,0
"Liberia",1974,76977,363349,0,0,0
"Liberia",1975,79121,372696,0,0,0
"Liberia",1976,81309,382470,0,0,0
"Liberia",1977,83529,392721,282.9947526,15,0.07206
"Liberia",1978,85828,403460,431.460124,20,0.10694
"Liberia",1979,88235,414676,588.010568,26,0.1418
"Liberia",1980,90763,426654,750.3137244,33,0.17586
"Liberia",1981,93393,438975,927.905355,39,0.21138
"Liberia",1982,96056,451542,1129.983855,47,0.25025
"Liberia",1983,98557,464348,1366.2046856,57,0.29422
"Liberia",1984,100694,476764,1645.9323572,67,0.34523
"Liberia",1985,101101,475530,1939.306446,79,0.40782
"Liberia",1986,99609,471077,2267.0109548,92,0.48124
"Liberia",1987,97570,464593,2638.7953214,106,0.56798
"Liberia",1988,95202,458344,3069.1630928,122,0.66962
"Liberia",1989,92637,452761,3568.2547171,139,0.78811
"Liberia",1990,89860,446001,4131.7978641,159,0.92641
"Liberia",1991,87261,440688,4803.4992,181,1.09
"Liberia",1992,85395,437068,5550.7636,207,1.27
"Liberia",1993,84616,439273,6501.2404,238,1.48
"Liberia",1994,85638,452849,7698.433,277,1.7
"Liberia",1995,89115,480417,9272.0481,327,1.93
"Liberia",1996,94973,520048,11181.032,386,2.15
"Liberia",1997,102301,565809,13239.9306,448,2.34
"Liberia",1998,109720,609856,15002.4576,499,2.46
"Liberia",1999,116127,647226,16245.3726,530,2.51
"Liberia",2000,120041,665668,16708.2668,541,2.51
"Liberia",2001,122336,686445,16955.1915,536,2.47
"Liberia",2002,124228,701613,16838.712,523,2.4
"Liberia",2003,125702,719546,16621.5126,504,2.31
"Liberia",2004,127472,740252,16359.5692,481,2.21
"Liberia",2005,129926,767818,16124.178,458,2.1
"Liberia",2006,133124,799538,15910.8062,437,1.99
"Liberia",2007,136699,833680,15756.552,203,1.89
"Liberia",2008,140299,867791,15446.6798,188,1.78
"Liberia",2009,143511,900182,15123.0576,171,1.68
"Liberia",2010,146047,927951,14661.6258,162,1.58
"Liberia",2011,148109,956439,14250.9411,189,1.49
"Liberia",2012,150029,984443,13782.202,181,1.4
"Liberia",2013,151917,1013160,13272.396,78,1.31
"Liberia",2014,153910,1042630,12824.349,73,1.23
"Liberia",2015,156050,1073565,12345.9975,125,1.15
"Liberia",2016,158227,1105101,11935.0908,53,1.08
"Liberia",2017,160314,1137510,11602.602,41,1.02
"Madagascar",1970,321417,1409993,0,0,0
"Madagascar",1971,321314,1454890,0,0,0
"Madagascar",1972,331330,1500508,0,0,0
"Madagascar",1973,341209,1547085,0,0,0
"Madagascar",1974,350184,1595041,0,0,0
"Madagascar",1975,358339,1644406,0,0,0
"Madagascar",1976,365919,1695397,0,0,0
"Madagascar",1977,373286,1748053,0,0,0
"Madagascar",1978,377378,1802426,0,0,0
"Madagascar",1979,376932,1858607,0,0,0
"Madagascar",1980,375364,1917152,0,0,0
"Madagascar",1981,376480,1977828,0,0,0
"Madagascar",1982,384577,2040853,0,0,0
"Madagascar",1983,399359,2106354,0,0,0
"Madagascar",1984,416553,2173189,0,0,0
"Madagascar",1985,434602,2237390,0,0,0
"Madagascar",1986,452646,2309058,510.9945354,23,0.02213
"Madagascar",1987,469682,2384060,657.523748,27,0.02758
"Madagascar",1988,485061,2462557,808.9499745,33,0.03285
"Madagascar",1989,499551,2544536,989.3155968,40,0.03888
"Madagascar",1990,513112,2629904,1226.850216,50,0.04665
"Madagascar",1991,526432,2718460,1562.842654,63,0.05749
"Madagascar",1992,540235,2810084,2059.2295552,83,0.07328
"Madagascar",1993,553973,2903761,2807.6465109,112,0.09669
"Madagascar",1994,567416,2997978,3935.1459228,155,0.13126
"Madagascar",1995,580271,3092098,5560.8290432,217,0.17984
"Madagascar",1996,592279,3186712,7563.3422608,291,0.23734
"Madagascar",1997,603369,3284087,9541.5863698,358,0.29054
"Madagascar",1998,612798,3385868,11308.79912,413,0.334
"Madagascar",1999,620629,3492029,12850.3175171,457,0.36799
"Madagascar",2000,627611,3602354,14122.6686216,489,0.39204
"Madagascar",2001,634315,3716972,15160.7853936,512,0.40788
"Madagascar",2002,641497,3835461,15974.3115189,526,0.41649
"Madagascar",2003,649235,3957894,16567.744284,532,0.4186
"Madagascar",2004,657310,4085062,17030.623478,340,0.4169
"Madagascar",2005,666183,4217446,17411.3040664,337,0.41284
"Madagascar",2006,675956,4354757,17695.9905452,333,0.40636
"Madagascar",2007,686770,4497349,17888.6553824,327,0.39776
"Madagascar",2008,698894,4645597,17998.4364571,320,0.38743
"Madagascar",2009,712189,4799686,18033.3802392,313,0.37572
"Madagascar",2010,726678,4959449,18016.1903823,210,0.36327
"Madagascar",2011,741965,5124483,17960.2880184,205,0.35048
"Madagascar",2012,757545,5294243,17867.5407007,200,0.33749
"Madagascar",2013,773404,5467849,17750.8249936,195,0.32464
"Madagascar",2014,789800,5644373,17613.2659465,191,0.31205
"Madagascar",2015,806652,5823079,17466.9077684,187,0.29996
"Madagascar",2016,823608,6003573,17422.9692033,147,0.29021
"Madagascar",2017,840269,6185723,17454.8731614,133,0.28218
"Malawi",1970,251750,1083300,0,0,0
"Malawi",1971,252666,1105740,190.629576,12,0.01724
"Malawi",1972,259341,1130490,278.326638,15,0.02462
"Malawi",1973,266525,1157299,391.9771713,21,0.03387
"Malawi",1974,274277,1185597,547.5086946,28,0.04618
"Malawi",1975,282320,1215212,786.9712912,39,0.06476
"Malawi",1976,290340,1246347,1199.1104487,59,0.09621
"Malawi",1977,297979,1279183,1954.4637057,96,0.15279
"Malawi",1978,305529,1313902,3284.2294392,161,0.24996
"Malawi",1979,313544,1350805,5333.788623,259,0.39486
"Malawi",1980,321782,1388119,8175.3268505,393,0.58895
"Malawi",1981,330291,1427942,11910.1786336,566,0.83408
"Malawi",1982,339366,1470131,16759.4934,786,1.14
"Malawi",1983,348636,1518044,22770.66,1061,1.5
"Malawi",1984,357332,1566450,30232.485,1397,1.93
"Malawi",1985,371506,1667126,40677.8744,1818,2.44
"Malawi",1986,394864,1800013,54000.39,2369,3
"Malawi",1987,422649,1945800,70827.12,3067,3.64
"Malawi",1988,448359,2077782,90799.0734,3917,4.37
"Malawi",1989,465223,2171891,113589.8993,4889,5.23
"Malawi",1990,470980,2218756,137784.7476,5947,6.21
"Malawi",1991,468008,2225863,163378.3442,7070,7.34
"Malawi",1992,461814,2215812,190781.4132,8271,8.61
"Malawi",1993,457287,2212642,220821.6716,9589,9.98
"Malawi",1994,457323,2226822,254525.7546,11076,11.43
"Malawi",1995,464630,2284741,292675.3221,12611,12.81
"Malawi",1996,476428,2345292,329278.9968,14136,14.04
"Malawi",1997,487309,2406448,362892.3584,15411,15.08
"Malawi",1998,496528,2467511,390853.7424,16298,15.84
"Malawi",1999,505375,2529564,411813.0192,16794,16.28
"Malawi",2000,514229,2593794,425641.5954,16951,16.41
"Malawi",2001,523276,2664907,433580.3689,16831,16.27
"Malawi",2002,532965,2745039,436461.201,10848,15.9
"Malawi",2003,543943,2834055,435310.848,10380,15.36
"Malawi",2004,556401,2929583,430941.6593,9890,14.71
"Malawi",2005,569791,3029635,426875.5715,9381,14.09
"Malawi",2006,583464,3133689,423674.7528,9039,13.52
"Malawi",2007,596910,3241843,421763.7743,8623,13.01
"Malawi",2008,608969,3354960,421718.472,7670,12.57
"Malawi",2009,619637,3473062,421977.033,7468,12.15
"Malawi",2010,629803,3601587,423186.4725,6792,11.75
"Malawi",2011,640736,3736431,423337.6323,5706,11.33
"Malawi",2012,653013,3874961,423533.2373,3608,10.93
"Malawi",2013,666649,4017592,423052.4376,2876,10.53
"Malawi",2014,680886,4165057,421920.2741,2552,10.13
"Malawi",2015,695690,4314196,418477.012,2111,9.7
"Malawi",2016,710347,4465468,415288.524,2366,9.3
"Malawi",2017,724674,4625527,410746.7976,2084,8.88
"Mali",1970,303080,1368008,0,0,0
"Mali",1971,302560,1388803,0,0,0
"Mali",1972,307902,1410849,0,0,0
"Mali",1973,313408,1433469,0,0,0
"Mali",1974,318936,1455886,0,0,0
"Mali",1975,324221,1477027,0,0,0
"Mali",1976,329273,1497930,0,0,0
"Mali",1977,334345,1519310,0,0,0
"Mali",1978,339628,1542032,0,0,0
"Mali",1979,345162,1566624,875.742816,41,0.0559
"Mali",1980,351202,1594998,1057.9621734,46,0.06633
"Mali",1981,357793,1625644,1225.4104472,54,0.07538
"Mali",1982,364716,1658081,1400.2494045,62,0.08445
"Mali",1983,371748,1690047,1599.7984902,71,0.09466
"Mali",1984,378365,1717609,1843.8532615,82,0.10735
"Mali",1985,383009,1730469,2152.0112484,96,0.12436
"Mali",1986,386379,1746498,2562.6365154,115,0.14673
"Mali",1987,390136,1763328,3121.4432256,141,0.17702
"Mali",1988,394561,1784902,3888.7659874,175,0.21787
"Mali",1989,400499,1814079,4940.2813407,223,0.27233
"Mali",1990,408754,1856384,6378.535424,288,0.3436
"Mali",1991,419611,1905096,8281.452312,374,0.4347
"Mali",1992,432229,1957846,10694.3422058,484,0.54623
"Mali",1993,444811,2013156,13531.8306852,610,0.67217
"Mali",1994,456482,2071491,16595.1286992,740,0.80112
"Mali",1995,467626,2131490,19691.983514,868,0.92386
"Mali",1996,479042,2195029,22828.3016,992,1.04
"Mali",1997,491835,2262568,25793.2752,1117,1.14
"Mali",1998,506194,2334270,28711.521,1231,1.23
"Mali",1999,521613,2409781,31086.1749,1312,1.29
"Mali",2000,538190,2489016,32855.0112,1380,1.32
"Mali",2001,555342,2570062,34181.8246,1427,1.33
"Mali",2002,572385,2652267,35540.3778,1471,1.34
"Mali",2003,589315,2735923,36934.9605,1510,1.35
"Mali",2004,606090,2822305,38101.1175,1537,1.35
"Mali",2005,622900,2911913,39019.6342,1010,1.34
"Mali",2006,639424,3005384,40272.1456,1020,1.34
"Mali",2007,655520,3102789,41267.0937,768,1.33
"Mali",2008,670818,3202543,42273.5676,663,1.32
"Mali",2009,685096,3303096,42940.248,612,1.3
"Mali",2010,698142,3401034,43873.3386,594,1.29
"Mali",2011,710009,3499991,44799.8848,546,1.28
"Mali",2012,721245,3601949,45744.7523,496,1.27
"Mali",2013,732183,3709428,46367.85,398,1.25
"Mali",2014,743052,3823453,46646.1266,528,1.22
"Mali",2015,754540,3946954,46574.0572,500,1.18
"Mali",2016,766858,4077802,46894.723,407,1.15
"Mali",2017,779828,4215271,47211.0352,356,1.12
"Mozambique",1970,445610,2177708,0,0,0
"Mozambique",1971,444929,2223127,0,0,0
"Mozambique",1972,453606,2270889,0,0,0
"Mozambique",1973,463081,2322556,0,0,0
"Mozambique",1974,474568,2376941,0,0,0
"Mozambique",1975,488822,2442047,0,0,0
"Mozambique",1976,505704,2513425,0,0,0
"Mozambique",1977,523182,2588638,0,0,0
"Mozambique",1978,538925,2662501,0,0,0
"Mozambique",1979,553189,2730091,3286.2105367,135,0.12037
"Mozambique",1980,565582,2790303,4429.6060125,178,0.15875
"Mozambique",1981,576070,2844238,5538.3002336,219,0.19472
"Mozambique",1982,584796,2892387,6715.2548979,262,0.23217
"Mozambique",1983,591482,2932379,8063.1625363,313,0.27497
"Mozambique",1984,595030,2958616,9662.839856,373,0.3266
"Mozambique",1985,592188,2943031,11521.966365,445,0.3915
"Mozambique",1986,584215,2922750,13793.334075,530,0.47193
"Mozambique",1987,575696,2900068,16615.3595924,635,0.57293
"Mozambique",1988,570160,2899305,20282.0881275,770,0.69955
"Mozambique",1989,574082,2945838,25259.3825148,951,0.85746
"Mozambique",1990,589459,3054048,32067.504,1196,1.05
"Mozambique",1991,615152,3209984,41408.7936,1527,1.29
"Mozambique",1992,646441,3387652,53524.9016,1961,1.58
"Mozambique",1993,676364,3558641,68681.7713,2502,1.93
"Mozambique",1994,701617,3711224,86842.6416,3146,2.34
"Mozambique",1995,719774,3815031,107202.3711,3885,2.81
"Mozambique",1996,734390,3921537,130979.3358,4714,3.34
"Mozambique",1997,751552,4028117,157902.1864,5664,3.92
"Mozambique",1998,771093,4138790,188314.945,6732,4.55
"Mozambique",1999,791549,4254121,222065.1162,7892,5.22
"Mozambique",2000,812560,4372754,258867.0368,9132,5.92
"Mozambique",2001,833253,4492966,297883.6458,10432,6.63
"Mozambique",2002,853204,4613598,338638.0932,8437,7.34
"Mozambique",2003,872991,4733718,379644.1836,9324,8.02
"Mozambique",2004,891722,4854314,418927.2982,10122,8.63
"Mozambique",2005,909670,4977578,455448.387,10486,9.15
"Mozambique",2006,927165,5107096,487216.9584,10754,9.54
"Mozambique",2007,944758,5248068,515360.2776,9541,9.82
"Mozambique",2008,963098,5400527,541132.8054,9554,10.02
"Mozambique",2009,981657,5559211,565927.6798,10292,10.18
"Mozambique",2010,1000068,5726138,586929.145,9938,10.25
"Mozambique",2011,1018471,5899638,605302.8588,9952,10.26
"Mozambique",2012,1036784,6075181,621491.0163,8330,10.23
"Mozambique",2013,1054108,6258821,634018.5673,6946,10.13
"Mozambique",2014,1070549,6456748,643092.1008,4559,9.96
"Mozambique",2015,1087573,6665628,647899.0416,4060,9.72
"Mozambique",2016,1105268,6882452,652456.4496,3785,9.48
"Mozambique",2017,1124150,7107167,653148.6473,3340,9.19
"Namibia",1970,34597,176169,0,0,0
"Namibia",1971,34935,181025,0,0,0
"Namibia",1972,36101,186073,0,0,0
"Namibia",1973,37169,191191,0,0,0
"Namibia",1974,38247,196216,0,0,0
"Namibia",1975,39183,199961,0,0,0
"Namibia",1976,39936,203262,0,0,0
"Namibia",1977,40641,206510,0,0,0
"Namibia",1978,41218,210083,0,0,0
"Namibia",1979,41603,214148,0,0,0
"Namibia",1980,41827,218201,0,0,0
"Namibia",1981,42003,223037,0,0,0
"Namibia",1982,42316,228740,0,0,0
"Namibia",1983,42817,236292,0,0,0
"Namibia",1984,43521,245819,367.4502412,16,0.14948
"Namibia",1985,44626,258779,658.3596539,26,0.25441
"Namibia",1986,46259,275250,1091.69655,40,0.39662
"Namibia",1987,48229,293086,1767.0448026,62,0.60291
"Namibia",1988,50211,310766,2848.4190028,97,0.91658
"Namibia",1989,51942,327519,4552.5141,151,1.39
"Namibia",1990,53195,341658,7140.6522,231,2.09
"Namibia",1991,54063,355129,10831.4345,343,3.05
"Namibia",1992,54784,368387,15877.4797,492,4.31
"Namibia",1993,55364,381811,22603.2112,686,5.92
"Namibia",1994,55835,395421,31435.9695,940,7.95
"Namibia",1995,56321,410313,42795.6459,1262,10.43
"Namibia",1996,56856,425270,56093.113,1631,13.19
"Namibia",1997,57381,440062,68605.6658,1927,15.59
"Namibia",1998,57780,453747,77499.9876,2055,17.08
"Namibia",1999,58015,465235,82951.4005,2103,17.83
"Namibia",2000,58046,474288,86367.8448,2132,18.21
"Namibia",2001,57916,481489,87727.2958,2108,18.22
"Namibia",2002,57789,488035,88383.1385,2087,18.11
"Namibia",2003,57673,494786,88566.694,1326,17.9
"Namibia",2004,57613,502552,88097.3656,1207,17.53
"Namibia",2005,57812,512071,88229.8333,1156,17.23
"Namibia",2006,58387,521878,87675.504,1116,16.8
"Namibia",2007,59311,532877,87604.9788,1045,16.44
"Namibia",2008,60582,544651,88070.0667,1041,16.17
"Namibia",2009,62027,556927,88551.393,939,15.9
"Namibia",2010,63689,571529,89329.9827,785,15.63
"Namibia",2011,65566,586644,90343.176,689,15.4
"Namibia",2012,67500,601716,91400.6604,606,15.19
"Namibia",2013,69040,616551,92236.0296,582,14.96
"Namibia",2014,69931,630926,92872.3072,391,14.72
"Namibia",2015,70347,644799,93237.9354,347,14.46
"Namibia",2016,70546,658309,93282.3853,309,14.17
"Namibia",2017,70834,671836,93049.286,283,13.85
"Nigeria",1970,2633237,13004395,0,0,0
"Nigeria",1971,2658894,13277926,0,0,0
"Nigeria",1972,2735387,13565114,0,0,0
"Nigeria",1973,2811247,13869913,0,0,0
"Nigeria",1974,2891047,14187731,0,0,0
"Nigeria",1975,2976522,14557034,0,0,0
"Nigeria",1976,3067282,14956652,0,0,0
"Nigeria",1977,3157193,15377975,1725.408795,75,0.01122
"Nigeria",1978,3245364,15802618,2735.4331758,119,0.01731
"Nigeria",1979,3331314,16214705,3782.8906765,159,0.02333
"Nigeria",1980,3412408,16608904,5100.5944184,212,0.03071
"Nigeria",1981,3488742,16990216,7555.5490552,318,0.04447
"Nigeria",1982,3563115,17374769,12311.7613134,525,0.07086
"Nigeria",1983,3634652,17775137,19758.8422892,840,0.11116
"Nigeria",1984,3701341,18181701,30608.8936335,1290,0.16835
"Nigeria",1985,3764514,18580108,46500.4362916,1944,0.25027
"Nigeria",1986,3833749,19072923,69587.5595655,2888,0.36485
"Nigeria",1987,3913131,19588347,101726.2036404,4187,0.51932
"Nigeria",1988,3994364,20123700,143361.2388,5837,0.7124
"Nigeria",1989,4073264,20679967,193485.9072454,7766,0.93562
"Nigeria",1990,4148939,21256143,250822.4874,9906,1.18
"Nigeria",1991,4229022,21854738,314708.2272,12248,1.44
"Nigeria",1992,4319072,22474262,384309.8802,14808,1.71
"Nigeria",1993,4414461,23113068,462261.36,17595,2
"Nigeria",1994,4513413,23769138,546690.174,20604,2.3
"Nigeria",1995,4615523,24439598,635429.548,23835,2.6
"Nigeria",1996,4721977,25120651,733523.0092,27343,2.92
"Nigeria",1997,4833692,25810345,836255.178,30994,3.24
"Nigeria",1998,4949191,26506327,940974.6085,34593,3.55
"Nigeria",1999,5067169,27205130,1041956.479,37961,3.83
"Nigeria",2000,5186742,27903997,1132902.2782,41000,4.06
"Nigeria",2001,5305556,28604740,1207120.028,43215,4.22
"Nigeria",2002,5422149,29312753,1263379.6543,44706,4.31
"Nigeria",2003,5538083,30031636,1306376.166,45616,4.35
"Nigeria",2004,5653799,30763989,1335157.1226,46067,4.34
"Nigeria",2005,5770659,31507741,1361134.4112,46812,4.32
"Nigeria",2006,5885787,32269674,1387595.982,22203,4.3
"Nigeria",2007,5999125,33050521,1407952.1946,22465,4.26
"Nigeria",2008,6114769,33862172,1428983.6584,20177,4.22
"Nigeria",2009,6236142,34706191,1447248.1647,19277,4.17
"Nigeria",2010,6361432,35575136,1458580.576,18303,4.1
"Nigeria",2011,6482709,36467905,1469656.5715,17997,4.03
"Nigeria",2012,6594915,37400870,1477334.365,15846,3.95
"Nigeria",2013,6695538,38377837,1485222.2919,15354,3.87
"Nigeria",2014,6783908,39413654,1489836.1212,13755,3.78
"Nigeria",2015,6868716,40493424,1486108.6608,12410,3.67
"Nigeria",2016,6952079,41605842,1485328.5594,7857,3.57
"Nigeria",2017,7038374,42774946,1475735.637,6858,3.45
"Rwanda",1970,192970,826729,0,0,0
"Rwanda",1971,193264,856500,0,0,0
"Rwanda",1972,200673,886713,0,0,0
"Rwanda",1973,208684,917365,0,0,0
"Rwanda",1974,217400,947859,0,0,0
"Rwanda",1975,226639,978445,0,0,0
"Rwanda",1976,236141,1008809,0,0,0
"Rwanda",1977,245564,1039162,920.177951,51,0.08855
"Rwanda",1978,254893,1069596,1207.573884,64,0.1129
"Rwanda",1979,264217,1100260,1545.645248,81,0.14048
"Rwanda",1980,273233,1130314,1986.9789806,105,0.17579
"Rwanda",1981,281920,1161150,2620.01886,139,0.22564
"Rwanda",1982,290554,1193463,3580.9857315,191,0.30005
"Rwanda",1983,298990,1228752,5078.9235168,270,0.41334
"Rwanda",1984,307334,1267836,7400.4855156,392,0.58371
"Rwanda",1985,315651,1309597,10878.0365208,572,0.83064
"Rwanda",1986,324234,1360984,15787.4144,822,1.16
"Rwanda",1987,332989,1416730,22526.007,1149,1.59
"Rwanda",1988,337462,1469838,30866.598,1534,2.1
"Rwanda",1989,335728,1524447,40702.7349,1942,2.67
"Rwanda",1990,324349,1518425,50259.8675,2321,3.31
"Rwanda",1991,304656,1484404,59227.7196,2618,3.99
"Rwanda",1992,285350,1437731,66710.7184,2850,4.64
"Rwanda",1993,269939,1407118,73592.2714,3033,5.23
"Rwanda",1994,260398,1415976,79436.2536,3121,5.61
"Rwanda",1995,259320,1477296,84796.7904,3157,5.74
"Rwanda",1996,266194,1578358,89492.8986,3188,5.67
"Rwanda",1997,278369,1702592,92961.5232,3192,5.46
"Rwanda",1998,291633,1828699,95640.9577,3204,5.23
"Rwanda",1999,304360,1947166,95995.2838,3143,4.93
"Rwanda",2000,315127,2039291,95030.9606,3066,4.66
"Rwanda",2001,324162,2129437,93482.2843,2964,4.39
"Rwanda",2002,332554,2213656,91866.724,2850,4.15
"Rwanda",2003,340428,2293359,90129.0087,2732,3.93
"Rwanda",2004,347484,2363241,88857.8616,1634,3.76
"Rwanda",2005,355265,2426273,88558.9645,1610,3.65
"Rwanda",2006,363384,2478847,88742.7226,1625,3.58
"Rwanda",2007,370572,2524865,88875.248,1463,3.52
"Rwanda",2008,375308,2568904,89140.9688,1248,3.47
"Rwanda",2009,377440,2614524,88893.816,1011,3.4
"Rwanda",2010,377505,2666065,88513.358,864,3.32
"Rwanda",2011,376571,2725154,88022.4742,489,3.23
"Rwanda",2012,376246,2790681,87348.3153,367,3.13
"Rwanda",2013,376649,2862415,86444.933,298,3.02
"Rwanda",2014,376923,2940797,85283.113,259,2.9
"Rwanda",2015,376596,3026251,84129.7778,225,2.78
"Rwanda",2016,374956,3117168,82916.6688,234,2.66
"Rwanda",2017,371595,3212722,81281.8666,213,2.53
"Sierra Leone",1970,116891,617142,0,0,0
"Sierra Leone",1971,117379,627483,0,0,0
"Sierra Leone",1972,119939,638249,0,0,0
"Sierra Leone",1973,122674,649417,0,0,0
"Sierra Leone",1974,125643,660930,0,0,0
"Sierra Leone",1975,128788,672782,0,0,0
"Sierra Leone",1976,132062,685072,0,0,0
"Sierra Leone",1977,135428,697871,0,0,0
"Sierra Leone",1978,138909,711239,0,0,0
"Sierra Leone",1979,142555,725272,27.7053904,4,0.00382
"Sierra Leone",1980,146369,740018,32.2647848,3,0.00436
"Sierra Leone",1981,150347,755452,37.4704192,3,0.00496
"Sierra Leone",1982,154468,771418,43.970826,3,0.0057
"Sierra Leone",1983,158792,787506,52.762902,4,0.0067
"Sierra Leone",1984,162974,802794,65.427711,4,0.00815
"Sierra Leone",1985,166955,819042,85.0984638,5,0.01039
"Sierra Leone",1986,171127,839652,115.871976,7,0.0138
"Sierra Leone",1987,175364,861636,162.3322224,8,0.01884
"Sierra Leone",1988,179028,879751,229.7909612,11,0.02612
"Sierra Leone",1989,182061,897289,325.8953648,15,0.03632
"Sierra Leone",1990,183389,901480,462.098648,20,0.05126
"Sierra Leone",1991,182638,899137,656.7296648,28,0.07304
"Sierra Leone",1992,181092,894066,930.8121126,39,0.10411
"Sierra Leone",1993,179246,890046,1317.0010662,54,0.14797
"Sierra Leone",1994,177450,888715,1859.6361375,75,0.20925
"Sierra Leone",1995,176055,890947,2617.0677178,103,0.29374
"Sierra Leone",1996,175369,897774,3666.8681256,142,0.40844
"Sierra Leone",1997,175655,909387,5103.1160892,195,0.56116
"Sierra Leone",1998,177064,928049,7042.963861,264,0.7589
"Sierra Leone",1999,179708,954288,9542.88,354,1
"Sierra Leone",2000,184161,993566,12817.0014,462,1.29
"Sierra Leone",2001,190424,1041366,16453.5828,582,1.58
"Sierra Leone",2002,197537,1093182,20333.1852,702,1.86
"Sierra Leone",2003,204465,1143562,23900.4458,801,2.09
"Sierra Leone",2004,210391,1189188,26756.73,605,2.25
"Sierra Leone",2005,214367,1222533,28607.2722,606,2.34
"Sierra Leone",2006,216508,1253336,29704.0632,598,2.37
"Sierra Leone",2007,217768,1283147,30282.2692,580,2.36
"Sierra Leone",2008,218042,1313323,30600.4259,474,2.33
"Sierra Leone",2009,217391,1344135,30511.8645,450,2.27
"Sierra Leone",2010,216354,1375336,30394.9256,444,2.21
"Sierra Leone",2011,215270,1406930,30108.302,421,2.14
"Sierra Leone",2012,214639,1439446,29796.5322,344,2.07
"Sierra Leone",2013,214714,1473146,29315.6054,343,1.99
"Sierra Leone",2014,215275,1508310,28959.552,192,1.92
"Sierra Leone",2015,216171,1544867,28734.5262,132,1.86
"Sierra Leone",2016,217085,1582449,28325.8371,110,1.79
"Sierra Leone",2017,217764,1621089,27720.6219,92,1.71
"Togo",1970,103906,478540,0,0,0
"Togo",1971,104260,490263,0,0,0
"Togo",1972,106887,500864,0,0,0
"Togo",1973,109284,511186,0,0,0
"Togo",1974,111611,521272,0,0,0
"Togo",1975,113890,531545,0,0,0
"Togo",1976,116159,542041,38.7017274,5,0.00714
"Togo",1977,118441,553057,49.6645186,4,0.00898
"Togo",1978,120718,565644,60.9764232,5,0.01078
"Togo",1979,123129,581078,74.7847386,5,0.01287
"Togo",1980,125943,599971,94.2554441,6,0.01571
"Togo",1981,129314,622460,124.367508,7,0.01998
"Togo",1982,133230,647315,173.48042,9,0.0268
"Togo",1983,137289,673070,256.170442,13,0.03806
"Togo",1984,141157,698957,396.6580975,19,0.05675
"Togo",1985,144585,722342,632.9160604,29,0.08762
"Togo",1986,147688,746751,1021.4806929,45,0.13679
"Togo",1987,150713,771501,1639.2081747,70,0.21247
"Togo",1988,153437,796638,2585.8072842,107,0.32459
"Togo",1989,155729,822111,3979.0994511,161,0.48401
"Togo",1990,157659,848208,5937.3711792,235,0.69999
"Togo",1991,159522,874987,8541.623094,331,0.9762
"Togo",1992,161698,902757,11826.1167,447,1.31
"Togo",1993,164148,931845,15654.996,580,1.68
"Togo",1994,166743,962447,19922.6529,725,2.07
"Togo",1995,169688,995084,24678.0832,876,2.48
"Togo",1996,173144,1029077,29534.5099,1033,2.87
"Togo",1997,177227,1064197,34692.8222,1195,3.26
"Togo",1998,181942,1100266,39829.6292,1357,3.62
"Togo",1999,187073,1137293,44581.8856,1499,3.92
"Togo",2000,192505,1175051,48294.5961,1601,4.11
"Togo",2001,198034,1213512,51210.2064,1669,4.22
"Togo",2002,203409,1252509,53106.3816,1122,4.24
"Togo",2003,208608,1291981,54392.4001,1109,4.21
"Togo",2004,213761,1331801,54870.2012,1079,4.12
"Togo",2005,218837,1371997,54742.6803,1039,3.99
"Togo",2006,223766,1412384,54235.5456,1010,3.84
"Togo",2007,228389,1452935,53613.3015,975,3.69
"Togo",2008,232585,1493906,52884.2724,690,3.54
"Togo",2009,236332,1535110,51886.718,662,3.38
"Togo",2010,239753,1577225,51102.09,624,3.24
"Togo",2011,242992,1620413,50232.803,495,3.1
"Togo",2012,246141,1664957,49615.7186,480,2.98
"Togo",2013,249248,1710724,48926.7064,457,2.86
"Togo",2014,252314,1758096,48171.8304,393,2.74
"Togo",2015,255336,1806914,47341.1468,203,2.62
"Togo",2016,258262,1857112,46613.5112,179,2.51
"Togo",2017,261053,1909216,45630.2624,144,2.39
"United Republic of Tanzania",1970,667097,3107618,0,0,0
"United Republic of Tanzania",1971,666795,3203315,0,0,0
"United Republic of Tanzania",1972,686462,3304134,0,0,0
"United Republic of Tanzania",1973,707029,3408589,1019.5089699,47,0.02991
"United Republic of Tanzania",1974,728199,3514893,1759.5554358,81,0.05006
"United Republic of Tanzania",1975,749612,3620707,2572.1502528,114,0.07104
"United Republic of Tanzania",1976,771353,3729792,3558.5945472,154,0.09541
"United Republic of Tanzania",1977,793630,3841680,4861.261872,209,0.12654
"United Republic of Tanzania",1978,815401,3958431,6673.5188229,285,0.16859
"United Republic of Tanzania",1979,836215,4081093,9273.4676239,394,0.22723
"United Republic of Tanzania",1980,856791,4210012,13105.3463548,554,0.31129
"United Republic of Tanzania",1981,877931,4345403,18895.1158649,796,0.43483
"United Republic of Tanzania",1982,900566,4487318,27511.746658,1156,0.6131
"United Republic of Tanzania",1983,924900,4635113,39904.1513283,1671,0.86091
"United Republic of Tanzania",1984,950084,4785685,56949.6515,2369,1.19
"United Republic of Tanzania",1985,975018,4931113,78897.808,3262,1.6
"United Republic of Tanzania",1986,1000124,5088810,105847.248,4337,2.08
"United Republic of Tanzania",1987,1025846,5251786,137596.7932,5576,2.62
"United Republic of Tanzania",1988,1051112,5421559,174032.0439,6956,3.21
"United Republic of Tanzania",1989,1076134,5600079,214483.0257,8456,3.83
"United Republic of Tanzania",1990,1102180,5800220,257529.768,9978,4.44
"United Republic of Tanzania",1991,1130755,6013079,301255.2579,11505,5.01
"United Republic of Tanzania",1992,1161767,6234649,346023.0195,13014,5.55
"United Republic of Tanzania",1993,1192654,6456957,390000.2028,14454,6.04
"United Republic of Tanzania",1994,1221904,6672886,431068.4356,15751,6.46
"United Republic of Tanzania",1995,1249876,6875904,468936.6528,16872,6.82
"United Republic of Tanzania",1996,1278152,7073377,501502.4293,17803,7.09
"United Republic of Tanzania",1997,1309250,7267113,529045.8264,18560,7.28
"United Republic of Tanzania",1998,1343467,7463733,550823.4954,19140,7.38
"United Republic of Tanzania",1999,1379715,7665963,567281.262,19531,7.4
"United Republic of Tanzania",2000,1418562,7883165,579412.6275,19749,7.35
"United Republic of Tanzania",2001,1459451,8109051,587095.2924,19796,7.24
"United Republic of Tanzania",2002,1501130,8344438,589951.7666,19664,7.07
"United Republic of Tanzania",2003,1544365,8590383,591018.3504,12413,6.88
"United Republic of Tanzania",2004,1590269,8848416,590189.3472,12219,6.67
"United Republic of Tanzania",2005,1638554,9119235,589102.581,12038,6.46
"United Republic of Tanzania",2006,1688067,9407828,590811.5984,11898,6.28
"United Republic of Tanzania",2007,1737921,9716264,597550.236,11909,6.15
"United Republic of Tanzania",2008,1783658,10034193,605061.8379,12124,6.03
"United Republic of Tanzania",2009,1821535,10357688,611103.592,9982,5.9
"United Republic of Tanzania",2010,1854186,10695670,617140.159,7773,5.77
"United Republic of Tanzania",2011,1885879,11047365,623071.386,7270,5.64
"United Republic of Tanzania",2012,1920290,11410251,626422.7799,6292,5.49
"United Republic of Tanzania",2013,1957929,11787475,628272.4175,5445,5.33
"United Republic of Tanzania",2014,1997264,12184363,627494.6945,3590,5.15
"United Republic of Tanzania",2015,2038453,12599202,626180.3394,3552,4.97
"United Republic of Tanzania",2016,2080408,13027135,622697.053,2470,4.78
"United Republic of Tanzania",2017,2121989,13466546,612727.843,1623,4.55
"Zambia",1970,211960,917095,0,0,0
"Zambia",1971,212347,947077,0,0,0
"Zambia",1972,219472,978630,0,0,0
"Zambia",1973,226837,1011401,0,0,0
"Zambia",1974,234339,1045323,0,0,0
"Zambia",1975,241886,1079774,0,0,0
"Zambia",1976,249518,1115686,0,0,0
"Zambia",1977,257387,1153300,527.0581,27,0.0457
"Zambia",1978,264846,1193083,820.2445625,40,0.06875
"Zambia",1979,271540,1235553,1669.232103,81,0.1351
"Zambia",1980,278171,1282398,4663.6968066,221,0.36367
"Zambia",1981,285311,1332501,9509.2601364,440,0.71364
"Zambia",1982,293348,1385291,14961.1428,663,1.08
"Zambia",1983,302534,1439700,21163.59,918,1.47
"Zambia",1984,313893,1494126,28986.0444,1250,1.94
"Zambia",1985,325827,1545156,38474.3844,1676,2.49
"Zambia",1986,337233,1598832,49883.5584,2181,3.12
"Zambia",1987,347697,1653736,62676.5944,2733,3.79
"Zambia",1988,356640,1709873,76602.3104,3296,4.48
"Zambia",1989,365194,1767082,91181.4312,3869,5.16
"Zambia",1990,373532,1824865,106389.6295,4450,5.83
"Zambia",1991,382049,1883698,122063.6304,5043,6.48
"Zambia",1992,391269,1943878,138404.1136,5656,7.12
"Zambia",1993,401085,2006873,155331.9702,6292,7.74
"Zambia",1994,410817,2072545,173057.5075,6952,8.35
"Zambia",1995,421121,2144022,191889.969,7646,8.95
"Zambia",1996,432564,2219325,211723.605,8381,9.54
"Zambia",1997,445244,2296965,232223.1615,9149,10.11
"Zambia",1998,459046,2374395,253110.507,9932,10.66
"Zambia",1999,472639,2450067,273427.4772,10683,11.16
"Zambia",2000,485596,2523598,292737.368,11374,11.6
"Zambia",2001,497903,2595806,310977.5588,11999,11.98
"Zambia",2002,509812,2668124,328179.252,12569,12.3
"Zambia",2003,521760,2742853,344228.0515,13009,12.55
"Zambia",2004,533572,2820413,359884.6988,9274,12.76
"Zambia",2005,545890,2901994,375227.8242,9613,12.93
"Zambia",2006,558716,2987372,390449.5204,9705,13.07
"Zambia",2007,571629,3079690,402823.452,8961,13.08
"Zambia",2008,583480,3178713,413550.5613,8370,13.01
"Zambia",2009,593791,3282649,425759.5753,7789,12.97
"Zambia",2010,603654,3392299,437606.571,7739,12.9
"Zambia",2011,614124,3507392,448244.6976,7452,12.78
"Zambia",2012,626505,3628943,456521.0294,7083,12.58
"Zambia",2013,640673,3757388,464037.418,5691,12.35
"Zambia",2014,655845,3891091,471989.3383,5026,12.13
"Zambia",2015,671676,4028920,479441.48,3166,11.9
"Zambia",2016,687802,4170028,486225.2648,3612,11.66
"Zambia",2017,703753,4315935,493311.3705,3420,11.43
