"location","year","mean","upper","lower"
"Cambodia",1980,158.24,169.073,147.935
"Cambodia",1981,153.258,162.487,144.329
"Cambodia",1982,147.755,155.48,140.319
"Cambodia",1983,142.427,149.133,135.776
"Cambodia",1984,137.564,143.844,131.31
"Cambodia",1985,133.41,139.69,127.645
"Cambodia",1986,130.101,136.257,124.483
"Cambodia",1987,124.99,130.096,120.035
"Cambodia",1988,121.952,126.599,117.275
"Cambodia",1989,119.826,124.727,115.43
"Cambodia",1990,117.88,122.698,113.57
"Cambodia",1991,116.355,120.777,112.116
"Cambodia",1992,115.226,119.533,111.117
"Cambodia",1993,114.819,119.259,110.663
"Cambodia",1994,114.777,119.193,110.615
"Cambodia",1995,114.187,118.635,109.919
"Cambodia",1996,113.213,117.705,108.841
"Cambodia",1997,111.028,115.614,106.889
"Cambodia",1998,107.722,112.159,103.493
"Cambodia",1999,102.962,107.343,98.672
"Cambodia",2000,97.2413,101.59,92.9241
"Cambodia",2001,90.74,94.9399,86.5921
"Cambodia",2002,83.9755,88.0486,80.1447
"Cambodia",2003,77.2935,81.1931,73.6004
"Cambodia",2004,70.9972,74.6513,67.3529
"Cambodia",2005,65.1504,68.9102,61.8555
"Cambodia",2006,59.8727,63.315,56.4796
"Cambodia",2007,55.283,58.8405,52.0966
"Cambodia",2008,51.2814,54.9926,48.0665
"Cambodia",2009,47.722,51.3242,44.4183
"Cambodia",2010,44.5503,48.1333,41.1816
"Cambodia",2011,41.1547,44.9583,37.732
"Cambodia",2012,38.1087,42.1098,34.5218
"Cambodia",2013,35.4489,39.6356,31.7497
"Cambodia",2014,33.1822,37.5382,29.2495
"Cambodia",2015,31.362,36.0057,27.2217
"Indonesia",1980,127.444,130.323,124.605
"Indonesia",1981,122.649,125.507,119.908
"Indonesia",1982,117.98,120.712,115.335
"Indonesia",1983,113.77,116.341,111.278
"Indonesia",1984,109.772,112.234,107.202
"Indonesia",1985,105.626,107.941,103.188
"Indonesia",1986,101.391,103.655,99.1482
"Indonesia",1987,97.1403,99.2957,94.8998
"Indonesia",1988,92.9192,95.0685,90.7653
"Indonesia",1989,88.6082,90.6917,86.495
"Indonesia",1990,84.3492,86.4031,82.3525
"Indonesia",1991,80.0772,81.9935,78.2176
"Indonesia",1992,75.9233,77.7716,74.1204
"Indonesia",1993,71.8517,73.7117,70.0432
"Indonesia",1994,67.9609,69.8007,66.1703
"Indonesia",1995,64.163,66.0001,62.4048
"Indonesia",1996,60.6627,62.5023,58.9324
"Indonesia",1997,57.6266,59.4086,55.8808
"Indonesia",1998,54.9624,56.7414,53.2471
"Indonesia",1999,52.5328,54.3215,50.7769
"Indonesia",2000,50.0715,51.8017,48.3545
"Indonesia",2001,47.7963,49.4424,46.0655
"Indonesia",2002,45.6535,47.3514,43.8957
"Indonesia",2003,43.5664,45.2455,41.8238
"Indonesia",2004,43.9195,46.7903,41.3127
"Indonesia",2005,39.4722,41.3322,37.5704
"Indonesia",2006,37.7006,39.745,35.7116
"Indonesia",2007,35.8433,38.0691,33.776
"Indonesia",2008,34.1903,36.536,31.9699
"Indonesia",2009,32.5816,35.0416,30.1065
"Indonesia",2010,30.9273,33.4935,28.3165
"Indonesia",2011,29.0639,31.9608,26.397
"Indonesia",2012,27.3351,30.3853,24.5602
"Indonesia",2013,26.0717,29.2747,23.1717
"Indonesia",2014,24.8313,28.3668,21.8104
"Indonesia",2015,23.6789,27.4803,20.438
"Philippines",1980,82.5781,85.7858,79.5232
"Philippines",1981,80.964,84.2286,77.8848
"Philippines",1982,78.7874,81.9137,75.8048
"Philippines",1983,75.9446,78.9857,73.1359
"Philippines",1984,73.531,76.4301,70.9039
"Philippines",1985,70.9543,73.6753,68.4892
"Philippines",1986,68.2551,70.9056,65.9469
"Philippines",1987,65.3492,67.8249,63.0275
"Philippines",1988,62.1106,64.3337,59.9093
"Philippines",1989,58.6807,60.7592,56.628
"Philippines",1990,55.7159,57.682,53.7618
"Philippines",1991,52.9255,54.8181,50.9703
"Philippines",1992,49.8751,51.6921,48.0665
"Philippines",1993,47.4711,49.2672,45.7033
"Philippines",1994,45.1908,46.9091,43.4272
"Philippines",1995,43.3183,45.0047,41.5955
"Philippines",1996,41.3667,43.0158,39.6964
"Philippines",1997,39.5901,41.242,37.918
"Philippines",1998,38.297,39.9636,36.6729
"Philippines",1999,37.2936,38.9386,35.6614
"Philippines",2000,36.4058,38.0861,34.7367
"Philippines",2001,35.4628,37.2058,33.7467
"Philippines",2002,34.601,36.3672,32.9118
"Philippines",2003,33.7983,35.4514,32.0571
"Philippines",2004,32.9726,34.6464,31.218
"Philippines",2005,32.0497,33.8069,30.2548
"Philippines",2006,31.3585,33.1683,29.5743
"Philippines",2007,30.4407,32.4347,28.5472
"Philippines",2008,29.6843,31.7769,27.7037
"Philippines",2009,28.9708,31.1728,26.9586
"Philippines",2010,28.0925,30.449,26.011
"Philippines",2011,27.257,29.7305,25.0172
"Philippines",2012,26.4121,29.0171,24.0318
"Philippines",2013,25.6436,28.4414,23.1593
"Philippines",2014,24.2585,27.0975,21.6801
"Philippines",2015,23.187,26.2647,20.5178
"Egypt",1980,160.155,169.049,152.798
"Egypt",1981,151.879,159.819,144.316
"Egypt",1982,142.964,150.54,135.262
"Egypt",1983,133.177,140.136,126.867
"Egypt",1984,123.58,129.775,117.312
"Egypt",1985,113.824,119.908,108.223
"Egypt",1986,104.218,110.249,98.8663
"Egypt",1987,96.1171,101.404,91.0552
"Egypt",1988,89.5857,94.7086,84.8049
"Egypt",1989,85.6865,90.5263,80.9461
"Egypt",1990,82.1219,86.6818,77.4613
"Egypt",1991,79.1326,83.7136,74.5454
"Egypt",1992,75.2965,79.6945,70.6763
"Egypt",1993,70.3456,74.8073,66.1932
"Egypt",1994,65.8948,70.404,61.5747
"Egypt",1995,61.0562,65.2933,57.0523
"Egypt",1996,55.2358,59.0151,51.4793
"Egypt",1997,50.8386,54.8176,47.3904
"Egypt",1998,48.5409,52.2387,45.1364
"Egypt",1999,46.5132,50.0467,43.2035
"Egypt",2000,43.2495,46.8292,39.9268
"Egypt",2001,39.5747,42.5475,36.3411
"Egypt",2002,37.0315,40.1526,34.0415
"Egypt",2003,35.9436,39.1786,32.9177
"Egypt",2004,35.2578,38.4331,32.0919
"Egypt",2005,34.0631,37.2501,30.6579
"Egypt",2006,32.6016,36.2181,29.4082
"Egypt",2007,31.1924,35.0624,27.8718
"Egypt",2008,30.0448,33.6626,26.4931
"Egypt",2009,29.2001,32.9546,25.8372
"Egypt",2010,28.4649,32.152,25.2115
"Egypt",2011,27.4501,30.949,24.2066
"Egypt",2012,26.073,29.6305,22.9443
"Egypt",2013,24.4479,28.411,21.1287
"Egypt",2014,22.8153,28.2784,18.4393
"Egypt",2015,21.5407,28.3071,16.2722
"Morocco",1980,124.28,128.358,120.407
"Morocco",1981,117.597,121.575,113.734
"Morocco",1982,110.841,114.736,107.126
"Morocco",1983,104.532,108.215,100.965
"Morocco",1984,98.5569,102.206,95.0739
"Morocco",1985,92.8852,96.344,89.6694
"Morocco",1986,87.5297,90.8968,84.504
"Morocco",1987,82.7794,85.9235,79.7273
"Morocco",1988,78.1402,81.1151,75.0843
"Morocco",1989,73.9557,76.8102,70.9912
"Morocco",1990,70.0982,72.9674,67.1993
"Morocco",1991,66.5145,69.468,63.6519
"Morocco",1992,63.3342,66.3247,60.5448
"Morocco",1993,60.4549,63.3762,57.6214
"Morocco",1994,57.6045,60.5135,54.6267
"Morocco",1995,55.1967,58.1118,52.2609
"Morocco",1996,52.5399,55.5858,49.5261
"Morocco",1997,50.2388,53.5013,47.1672
"Morocco",1998,47.9446,51.2434,44.9301
"Morocco",1999,45.8398,49.393,42.6577
"Morocco",2000,43.8505,47.4956,40.5401
"Morocco",2001,41.9693,45.6622,38.4887
"Morocco",2002,40.2337,44.0945,36.6474
"Morocco",2003,38.4844,42.6715,34.4839
"Morocco",2004,36.8846,41.3772,32.6913
"Morocco",2005,35.2394,40.0098,30.7367
"Morocco",2006,33.704,38.5969,29.09
"Morocco",2007,32.2355,37.2701,27.5613
"Morocco",2008,30.8856,36.151,26.2309
"Morocco",2009,29.5572,34.9914,24.7738
"Morocco",2010,28.331,33.8612,23.6132
"Morocco",2011,27.1658,32.7261,22.4203
"Morocco",2012,25.9053,31.4162,21.2422
"Morocco",2013,24.6809,30.0155,20.1488
"Morocco",2014,23.5388,28.914,19.0402
"Morocco",2015,22.4414,27.9215,17.9994
"Bangladesh",1980,194.729,199.475,190.007
"Bangladesh",1981,189.787,194.385,185.212
"Bangladesh",1982,184.626,188.98,180.371
"Bangladesh",1983,179.331,183.269,175.359
"Bangladesh",1984,173.612,177.408,169.73
"Bangladesh",1985,168.151,171.861,164.5
"Bangladesh",1986,161.68,165.161,158.227
"Bangladesh",1987,155.649,159.013,152.32
"Bangladesh",1988,149.573,152.713,146.407
"Bangladesh",1989,143.277,146.461,140.134
"Bangladesh",1990,137.078,140.072,134.096
"Bangladesh",1991,134.999,138.695,131.366
"Bangladesh",1992,124.971,128.04,122.158
"Bangladesh",1993,119.131,122.188,116.307
"Bangladesh",1994,113.422,116.354,110.633
"Bangladesh",1995,107.894,110.911,105.248
"Bangladesh",1996,102.54,105.255,100.051
"Bangladesh",1997,97.4764,100.023,95.0096
"Bangladesh",1998,92.6863,95.1163,90.1665
"Bangladesh",1999,88.1291,90.5894,85.6199
"Bangladesh",2000,83.8218,86.2718,81.4176
"Bangladesh",2001,79.7182,82.104,77.3692
"Bangladesh",2002,75.8509,78.2,73.6172
"Bangladesh",2003,72.2089,74.5114,69.9477
"Bangladesh",2004,68.7299,71.0195,66.5198
"Bangladesh",2005,65.3654,67.6832,63.1149
"Bangladesh",2006,62.0697,64.3286,59.7521
"Bangladesh",2007,59.0508,61.3563,56.6456
"Bangladesh",2008,55.944,58.2514,53.514
"Bangladesh",2009,53.1341,55.5758,50.7004
"Bangladesh",2010,50.5128,53.1154,48.0688
"Bangladesh",2011,48.0076,50.8648,45.4491
"Bangladesh",2012,45.5994,48.6305,42.9132
"Bangladesh",2013,43.3059,46.5786,40.5396
"Bangladesh",2014,41.0931,44.4945,38.2186
"Bangladesh",2015,39.0323,42.6697,36.0534
"Angola",1980,192.054,218.217,166.462
"Angola",1981,190.615,216.753,166.49
"Angola",1982,190.055,215.421,166.87
"Angola",1983,188.673,214.523,166.892
"Angola",1984,186.387,208.877,165.279
"Angola",1985,184.663,206.173,163.756
"Angola",1986,185.058,205.989,167.543
"Angola",1987,187.09,207.365,169.974
"Angola",1988,189.575,208.656,171.661
"Angola",1989,190.628,210.191,172.397
"Angola",1990,190.461,210.741,172.222
"Angola",1991,187.488,207.688,169.26
"Angola",1992,183.584,202.163,165.234
"Angola",1993,180.967,198.261,162.997
"Angola",1994,173.335,190.414,157.396
"Angola",1995,166.871,184.232,151.713
"Angola",1996,162.476,179.065,147.398
"Angola",1997,160.055,176.164,145.684
"Angola",1998,159.19,174.192,143.734
"Angola",1999,158.042,174.539,143.432
"Angola",2000,155.766,172.428,141.105
"Angola",2001,152.291,169.356,137.137
"Angola",2002,145.789,161.524,131.777
"Angola",2003,138.235,153.252,124.623
"Angola",2004,130.471,144.563,117.147
"Angola",2005,123.258,137.525,109.989
"Angola",2006,117.626,131.062,104.591
"Angola",2007,113.336,127.816,100.958
"Angola",2008,109.198,123.156,97.0838
"Angola",2009,105.195,119.209,92.2052
"Angola",2010,100.823,117.103,86.8182
"Angola",2011,96.3356,113.737,79.6245
"Angola",2012,91.7503,111.099,72.1035
"Angola",2013,87.2247,108.419,66.8569
"Angola",2014,82.8817,105.433,64.2924
"Angola",2015,78.6965,100.902,60.2858
"Congo",1980,121.141,137.759,105.351
"Congo",1981,116.438,129.863,103.661
"Congo",1982,111.974,123.058,102.21
"Congo",1983,107.731,116.904,99.4143
"Congo",1984,103.611,111.618,95.8859
"Congo",1985,100.421,107.688,93.0949
"Congo",1986,97.8722,104.948,90.9965
"Congo",1987,95.9185,102.916,89.3515
"Congo",1988,94.4275,101.163,88.3557
"Congo",1989,93.4381,99.8881,87.3173
"Congo",1990,93.3539,99.3658,87.2903
"Congo",1991,93.8165,99.8301,87.7023
"Congo",1992,94.6659,100.784,88.4989
"Congo",1993,96.3677,102.506,90.1066
"Congo",1994,98.3132,105.07,91.7392
"Congo",1995,100.372,107.961,93.3456
"Congo",1996,102.787,111.148,95.1883
"Congo",1997,115.773,129.703,103.91
"Congo",1998,110.972,120.362,102.528
"Congo",1999,109.837,118.874,101.559
"Congo",2000,109.384,118.225,101.704
"Congo",2001,107.555,115.806,100.294
"Congo",2002,104.947,111.966,98.6204
"Congo",2003,101.018,107.613,95.1448
"Congo",2004,95.7743,102.061,90.0025
"Congo",2005,90.0442,96.3724,84.014
"Congo",2006,84.3152,90.5244,78.1981
"Congo",2007,79.3277,85.4623,73.073
"Congo",2008,74.7158,80.7854,68.7121
"Congo",2009,71.0877,77.6465,64.9635
"Congo",2010,67.9864,75.351,61.0156
"Congo",2011,65.0739,73.5802,57.1307
"Congo",2012,62.7959,72.6674,53.7181
"Congo",2013,60.1607,71.6782,49.942
"Congo",2014,58.1466,71.4751,47.1031
"Congo",2015,56.1334,70.1425,44.3507
"Democratic Republic of the Congo",1980,185.302,206.564,167.38
"Democratic Republic of the Congo",1981,182.374,201.667,164.967
"Democratic Republic of the Congo",1982,178.652,196.207,163.237
"Democratic Republic of the Congo",1983,173.798,188.436,158.274
"Democratic Republic of the Congo",1984,166.761,180.695,153.413
"Democratic Republic of the Congo",1985,162.336,176.518,150.438
"Democratic Republic of the Congo",1986,159.41,172.169,147.859
"Democratic Republic of the Congo",1987,159.059,171.153,147.294
"Democratic Republic of the Congo",1988,160.822,172.778,149.392
"Democratic Republic of the Congo",1989,163.58,176.312,151.824
"Democratic Republic of the Congo",1990,166.62,178.442,154.865
"Democratic Republic of the Congo",1991,167.404,179.596,155.461
"Democratic Republic of the Congo",1992,166.233,178.442,154.712
"Democratic Republic of the Congo",1993,165.324,177.377,153.733
"Democratic Republic of the Congo",1994,164.575,176.941,153.026
"Democratic Republic of the Congo",1995,164.583,176.408,152.227
"Democratic Republic of the Congo",1996,166.48,178.938,154.691
"Democratic Republic of the Congo",1997,164.224,175.567,152.617
"Democratic Republic of the Congo",1998,161.328,172.82,150.489
"Democratic Republic of the Congo",1999,157.088,168.187,145.781
"Democratic Republic of the Congo",2000,151.833,163.69,140.18
"Democratic Republic of the Congo",2001,147.58,159.572,136.659
"Democratic Republic of the Congo",2002,143.832,155.568,133.081
"Democratic Republic of the Congo",2003,138.432,149.224,128.238
"Democratic Republic of the Congo",2004,132.627,142.965,122.083
"Democratic Republic of the Congo",2005,128.837,139.014,118.02
"Democratic Republic of the Congo",2006,125.915,137.619,115.738
"Democratic Republic of the Congo",2007,121.974,133.143,111.489
"Democratic Republic of the Congo",2008,116.643,128.707,106.113
"Democratic Republic of the Congo",2009,111.735,122.96,101.211
"Democratic Republic of the Congo",2010,107.202,118.739,96.3499
"Democratic Republic of the Congo",2011,103.567,114.68,93.483
"Democratic Republic of the Congo",2012,100.151,112.154,89.8789
"Democratic Republic of the Congo",2013,96.7036,109.849,84.4001
"Democratic Republic of the Congo",2014,92.4322,109.249,77.0759
"Democratic Republic of the Congo",2015,88.0355,108.917,70.1937
"Gabon",1980,113.196,120.945,105.995
"Gabon",1981,109.243,116.374,102.743
"Gabon",1982,105.771,112.181,99.6614
"Gabon",1983,102.165,107.994,96.1537
"Gabon",1984,98.4539,104.031,92.947
"Gabon",1985,94.976,100.247,89.5716
"Gabon",1986,91.7773,96.947,86.8378
"Gabon",1987,89.428,94.3276,84.7199
"Gabon",1988,87.4672,92.2055,83.0964
"Gabon",1989,85.3376,89.8951,81.1257
"Gabon",1990,83.2743,87.8018,79.3246
"Gabon",1991,81.4103,85.9089,77.5311
"Gabon",1992,79.6409,83.7735,75.7984
"Gabon",1993,78.1265,82.1555,74.3262
"Gabon",1994,76.7352,80.7102,72.9899
"Gabon",1995,75.3571,79.2963,71.7144
"Gabon",1996,74.6317,78.452,71.0018
"Gabon",1997,73.3405,77.1882,69.7835
"Gabon",1998,72.4293,76.3704,68.7534
"Gabon",1999,71.7842,75.6863,68.1326
"Gabon",2000,71.3877,75.2937,67.7105
"Gabon",2001,70.9675,75.081,67.1957
"Gabon",2002,70.2169,74.3978,66.386
"Gabon",2003,69.1436,73.2836,65.1337
"Gabon",2004,68.0587,72.1923,63.8928
"Gabon",2005,66.7838,70.9938,62.5707
"Gabon",2006,65.448,69.9079,61.1188
"Gabon",2007,63.6259,68.3489,59.1776
"Gabon",2008,61.3229,66.1092,56.7332
"Gabon",2009,59.393,64.532,54.7779
"Gabon",2010,57.5021,62.8048,52.5838
"Gabon",2011,55.0835,60.5476,49.9377
"Gabon",2012,52.3276,58.0892,46.9585
"Gabon",2013,49.8666,55.9802,44.4186
"Gabon",2014,47.5304,53.8311,41.8549
"Gabon",2015,46.114,52.692,40.2276
"Burundi",1980,221.506,236.974,207.202
"Burundi",1981,212.715,227.79,198.888
"Burundi",1982,203.032,217.369,189.467
"Burundi",1983,193.256,206.813,181.471
"Burundi",1984,184.519,197.299,173.354
"Burundi",1985,178.264,190.066,167.376
"Burundi",1986,174.553,186.041,163.442
"Burundi",1987,172.971,184.308,161.552
"Burundi",1988,172.751,184.642,161.347
"Burundi",1989,173.027,185.515,161.523
"Burundi",1990,173.414,184.97,161.553
"Burundi",1991,174.16,184.605,162.257
"Burundi",1992,174.697,185.334,163.067
"Burundi",1993,175.198,187.014,163.59
"Burundi",1994,174.883,186.848,164.087
"Burundi",1995,174.67,186.672,163.042
"Burundi",1996,174.294,186.267,163.468
"Burundi",1997,172.49,184.795,161.651
"Burundi",1998,170.904,183.323,159.542
"Burundi",1999,168.722,181.426,156.972
"Burundi",2000,165.893,178.38,153.856
"Burundi",2001,159.91,172.128,148.29
"Burundi",2002,151.932,163.132,140.614
"Burundi",2003,141.584,151.964,130.708
"Burundi",2004,129.912,139.741,119.935
"Burundi",2005,118.188,127.491,109.028
"Burundi",2006,107.222,115.757,98.85
"Burundi",2007,97.8507,105.944,89.4945
"Burundi",2008,91.3733,99.7728,83.3474
"Burundi",2009,87.4559,96.7213,78.7355
"Burundi",2010,85.1217,95.7355,74.9191
"Burundi",2011,83.9229,97.8436,71.2223
"Burundi",2012,81.9194,99.2058,67.1596
"Burundi",2013,80.1173,101.438,63.7857
"Burundi",2014,78.3964,103.463,60.2778
"Burundi",2015,76.8055,104.341,57.3492
"Comoros",1980,165.113,175.331,155.044
"Comoros",1981,160.332,170.517,150.357
"Comoros",1982,155.161,165.507,145.176
"Comoros",1983,150.291,160.46,140.39
"Comoros",1984,144.933,154.46,135.225
"Comoros",1985,140.051,149.564,130.92
"Comoros",1986,135.344,144.766,126.458
"Comoros",1987,131.368,140.806,122.668
"Comoros",1988,127.325,136.228,119.084
"Comoros",1989,123.977,132.468,116.134
"Comoros",1990,120.196,128.604,112.097
"Comoros",1991,116.7,125.214,108.588
"Comoros",1992,112.997,121.892,104.837
"Comoros",1993,109.359,118.522,101.343
"Comoros",1994,106.082,116.147,97.5856
"Comoros",1995,102.701,113.091,93.7683
"Comoros",1996,99.8191,111.177,89.8709
"Comoros",1997,96.1368,108.432,84.7681
"Comoros",1998,92.6968,105.797,80.1429
"Comoros",1999,88.8914,102.874,75.5057
"Comoros",2000,85.4118,99.6092,71.3755
"Comoros",2001,81.9073,96.943,67.2571
"Comoros",2002,78.4638,94.406,63.3694
"Comoros",2003,75.054,92.2242,59.5802
"Comoros",2004,71.8516,90.0808,56.3902
"Comoros",2005,68.7897,87.678,53.0401
"Comoros",2006,65.8063,84.8996,49.9717
"Comoros",2007,63.0124,82.072,47.3335
"Comoros",2008,60.1237,79.2053,44.6598
"Comoros",2009,57.9131,77.1478,42.5452
"Comoros",2010,55.0613,74.1822,39.7974
"Comoros",2011,52.942,72.0754,38.0616
"Comoros",2012,50.4802,69.2366,35.908
"Comoros",2013,48.246,66.8501,34.326
"Comoros",2014,46.0456,63.8021,32.7014
"Comoros",2015,44.0215,61.9729,30.705
"Eritrea",1980,185.879,195.548,177.184
"Eritrea",1981,183.353,192.668,174.683
"Eritrea",1982,180.551,189.598,171.759
"Eritrea",1983,177.422,185.896,168.812
"Eritrea",1984,173.891,182.058,165.473
"Eritrea",1985,170.25,178.581,162.026
"Eritrea",1986,166.422,174.753,158.242
"Eritrea",1987,162.247,170.248,154.185
"Eritrea",1988,157.583,165.554,150.05
"Eritrea",1989,152.665,160.34,145.335
"Eritrea",1990,147.45,154.618,140.329
"Eritrea",1991,141.561,149.114,134.654
"Eritrea",1992,134.809,142.282,128.203
"Eritrea",1993,127.704,134.93,121.335
"Eritrea",1994,120.147,127.529,113.62
"Eritrea",1995,113.375,120.446,106.77
"Eritrea",1996,107.881,114.909,101.252
"Eritrea",1997,103.078,110.625,96.4586
"Eritrea",1998,99.7683,107.779,92.818
"Eritrea",1999,106.397,127.186,91.8467
"Eritrea",2000,133.966,192.792,91.6452
"Eritrea",2001,89.803,99.5824,81.1997
"Eritrea",2002,87.2972,98.043,77.9632
"Eritrea",2003,85.6961,96.6207,75.1721
"Eritrea",2004,83.2934,94.9934,72.7091
"Eritrea",2005,81.6585,93.576,70.2167
"Eritrea",2006,80.1489,93.4284,68.5475
"Eritrea",2007,78.7621,91.8103,66.6141
"Eritrea",2008,77.664,91.297,64.808
"Eritrea",2009,76.4915,90.9779,63.7702
"Eritrea",2010,75.345,90.5909,62.8271
"Eritrea",2011,74.0539,90.1807,61.1033
"Eritrea",2012,72.5515,89.2992,59.4355
"Eritrea",2013,70.9668,87.8993,58.0284
"Eritrea",2014,69.1653,86.0114,56.2321
"Eritrea",2015,67.1474,83.951,54.5715
"Ethiopia",1980,234.701,242.99,226.492
"Ethiopia",1981,231.96,239.722,224.282
"Ethiopia",1982,229.351,237.108,221.926
"Ethiopia",1983,282.13,366.044,221.713
"Ethiopia",1984,276.949,356.994,218.691
"Ethiopia",1985,219.13,225.488,212.028
"Ethiopia",1986,215.464,221.661,208.722
"Ethiopia",1987,212.185,218.43,205.775
"Ethiopia",1988,208.261,214.063,201.591
"Ethiopia",1989,205.094,211.53,198.715
"Ethiopia",1990,202.238,208.883,195.852
"Ethiopia",1991,196.198,202.278,190.357
"Ethiopia",1992,191.688,197.458,186.074
"Ethiopia",1993,186.882,192.6,181.351
"Ethiopia",1994,181.579,187.062,176.203
"Ethiopia",1995,175.72,181.227,170.399
"Ethiopia",1996,169.094,174.58,163.833
"Ethiopia",1997,162.374,167.72,157.3
"Ethiopia",1998,156.204,161.287,151.148
"Ethiopia",1999,151.299,156.533,146.11
"Ethiopia",2000,143.118,147.829,138.127
"Ethiopia",2001,136.228,140.752,131.23
"Ethiopia",2002,129.436,134.037,124.587
"Ethiopia",2003,123.068,127.647,118.108
"Ethiopia",2004,116.697,121.507,111.859
"Ethiopia",2005,110.169,115.188,104.896
"Ethiopia",2006,103.72,108.988,98.3866
"Ethiopia",2007,97.5094,103.183,91.904
"Ethiopia",2008,91.8212,97.9228,86.0599
"Ethiopia",2009,86.4762,92.9389,80.5968
"Ethiopia",2010,81.6332,88.4135,75.4747
"Ethiopia",2011,76.9867,84.066,70.6342
"Ethiopia",2012,72.5626,80.0438,66.1024
"Ethiopia",2013,68.2904,76.0111,61.6268
"Ethiopia",2014,64.2049,72.1589,57.4808
"Ethiopia",2015,60.2685,68.4666,53.721
"Kenya",1980,107.199,111.599,103.152
"Kenya",1981,104.259,108.3,100.382
"Kenya",1982,101.705,105.385,97.9566
"Kenya",1983,99.5636,103.187,95.8942
"Kenya",1984,97.6507,101.075,94.2671
"Kenya",1985,95.9326,99.5316,92.689
"Kenya",1986,94.4291,97.8209,91.1988
"Kenya",1987,93.3182,96.6132,90.0564
"Kenya",1988,92.5773,95.9984,89.3626
"Kenya",1989,92.3215,95.6404,89.0354
"Kenya",1990,92.2905,95.4044,88.8788
"Kenya",1991,92.7542,95.9857,89.3793
"Kenya",1992,93.5021,96.8635,90.1633
"Kenya",1993,94.4808,97.845,91.0298
"Kenya",1994,95.2233,98.5294,91.6573
"Kenya",1995,95.0424,98.5363,91.5044
"Kenya",1996,94.9353,98.7425,91.3254
"Kenya",1997,94.3968,98.256,90.7856
"Kenya",1998,93.1546,96.9882,89.5489
"Kenya",1999,91.223,95.1805,87.3903
"Kenya",2000,88.5557,92.6705,84.783
"Kenya",2001,85.4683,89.3857,81.5313
"Kenya",2002,82.0739,86.0258,78.2966
"Kenya",2003,78.5566,82.3479,74.8895
"Kenya",2004,75.1012,79.1308,71.46
"Kenya",2005,71.1518,75.0417,67.4012
"Kenya",2006,67.2571,70.9454,63.613
"Kenya",2007,63.8237,67.4464,60.2701
"Kenya",2008,60.1649,63.7955,56.5952
"Kenya",2009,57.5996,61.2772,53.9547
"Kenya",2010,55.4025,59.3092,51.5006
"Kenya",2011,53.3459,57.6155,49.3263
"Kenya",2012,52.2108,56.7318,48.0211
"Kenya",2013,51.7485,57.0634,47.2404
"Kenya",2014,50.8485,56.8733,45.8735
"Kenya",2015,50.8314,57.6419,45.3672
"Madagascar",1980,160.069,170.341,151.089
"Madagascar",1981,163.441,173.64,154.085
"Madagascar",1982,166.855,176.991,157.187
"Madagascar",1983,168.111,177.251,158.707
"Madagascar",1984,168.476,177.985,159.716
"Madagascar",1985,168.911,178.343,159.759
"Madagascar",1986,168.345,177.935,158.974
"Madagascar",1987,164.675,174.595,155.801
"Madagascar",1988,157.404,166.621,148.967
"Madagascar",1989,149.025,157.601,140.576
"Madagascar",1990,143.123,151.038,135.078
"Madagascar",1991,140.427,147.859,133.044
"Madagascar",1992,139.347,147.581,131.666
"Madagascar",1993,138.317,146.873,130.242
"Madagascar",1994,135.935,143.819,128.173
"Madagascar",1995,131.402,139.217,123.081
"Madagascar",1996,125.571,133.172,117.928
"Madagascar",1997,119.782,127.097,112.01
"Madagascar",1998,114.587,122.328,107.024
"Madagascar",1999,110.501,118.956,103.158
"Madagascar",2000,107.076,115.234,99.8202
"Madagascar",2001,103.413,111.305,96.1826
"Madagascar",2002,99.3394,107.486,91.9516
"Madagascar",2003,94.1756,102.214,86.5998
"Madagascar",2004,88.6301,96.9415,80.836
"Madagascar",2005,83.5594,91.5212,75.8548
"Madagascar",2006,80.0828,87.6112,72.7388
"Madagascar",2007,78.1307,85.9154,70.6739
"Madagascar",2008,77.0078,85.3986,69.1781
"Madagascar",2009,76.6119,86.6204,67.1267
"Madagascar",2010,75.8412,86.9968,64.5758
"Madagascar",2011,74.3928,86.9095,62.3417
"Madagascar",2012,72.2386,86.0197,60.1549
"Madagascar",2013,69.6619,84.4198,56.9393
"Madagascar",2014,66.9208,83.0095,54.6633
"Madagascar",2015,64.2006,80.6421,51.9312
"Malawi",1980,258.104,271.856,244.895
"Malawi",1981,252.996,265.604,241.008
"Malawi",1982,248.568,260.792,237.057
"Malawi",1983,244.796,257.498,233.537
"Malawi",1984,242.797,254.442,231.123
"Malawi",1985,241.295,252.827,230.064
"Malawi",1986,239.434,250.573,228.716
"Malawi",1987,236.728,247.753,225.951
"Malawi",1988,233.047,244.013,221.992
"Malawi",1989,228.628,238.98,218.188
"Malawi",1990,224.222,234.604,214.228
"Malawi",1991,218.71,228.544,209.512
"Malawi",1992,212.712,222.619,203.55
"Malawi",1993,205.739,216.095,195.984
"Malawi",1994,199.182,208.208,190.014
"Malawi",1995,193.536,202.513,184.479
"Malawi",1996,189.35,198.668,180.806
"Malawi",1997,184.873,194.287,175.481
"Malawi",1998,180.13,189.743,171.466
"Malawi",1999,174.298,183.865,165.817
"Malawi",2000,166.836,175.221,158.711
"Malawi",2001,157.759,166.569,149.942
"Malawi",2002,148.077,157.358,139.181
"Malawi",2003,137.142,145.698,128.583
"Malawi",2004,128.131,136.119,120.307
"Malawi",2005,121.076,128.837,113.113
"Malawi",2006,116.147,123.23,108.35
"Malawi",2007,112.525,119.913,105.22
"Malawi",2008,109.334,117.076,102.304
"Malawi",2009,105.565,113.735,97.9275
"Malawi",2010,100.875,109.283,93.4582
"Malawi",2011,95.2114,104.125,87.0902
"Malawi",2012,90.012,99.354,81.397
"Malawi",2013,86.6508,97.3421,76.1445
"Malawi",2014,84.7847,97.8359,73.1778
"Malawi",2015,83.3546,98.4343,70.2353
"Mozambique",1980,227.569,235.6,219.893
"Mozambique",1981,252.263,292.182,223.192
"Mozambique",1982,251.16,290.164,222.832
"Mozambique",1983,250.507,286.459,223.068
"Mozambique",1984,254.051,291.225,225.324
"Mozambique",1985,253.46,290.835,225.24
"Mozambique",1986,228.91,239.579,219.909
"Mozambique",1987,227.574,237.532,218.919
"Mozambique",1988,220.792,227.242,214.882
"Mozambique",1989,217.72,224.065,211.959
"Mozambique",1990,214.217,220.132,208.681
"Mozambique",1991,210.03,215.93,204.581
"Mozambique",1992,205.87,211.371,200.367
"Mozambique",1993,201.128,206.498,195.864
"Mozambique",1994,196.05,201.316,190.794
"Mozambique",1995,190.731,195.763,185.644
"Mozambique",1996,184.298,189.45,179.415
"Mozambique",1997,177.594,182.573,172.748
"Mozambique",1998,170.604,175.595,165.877
"Mozambique",1999,163.718,168.631,158.984
"Mozambique",2000,157.463,162.313,152.696
"Mozambique",2001,150.849,155.533,146.21
"Mozambique",2002,144.273,148.789,139.734
"Mozambique",2003,138.072,142.686,133.483
"Mozambique",2004,132.192,136.823,127.58
"Mozambique",2005,126.33,131.122,121.435
"Mozambique",2006,120.542,125.559,115.402
"Mozambique",2007,114.941,120.225,109.495
"Mozambique",2008,109.782,115.479,104.031
"Mozambique",2009,104.797,111.027,98.905
"Mozambique",2010,99.6619,106.322,93.4053
"Mozambique",2011,95.1039,102.074,88.5767
"Mozambique",2012,90.5901,98.2626,83.7494
"Mozambique",2013,86.2574,94.4972,79.196
"Mozambique",2014,81.9723,90.7219,74.5432
"Mozambique",2015,77.9338,87.2567,70.3977
"Rwanda",1980,203.054,215.35,192.588
"Rwanda",1981,191.185,201.295,181.514
"Rwanda",1982,181.046,190.838,171.171
"Rwanda",1983,173.802,182.286,164.821
"Rwanda",1984,169.518,177.981,160.861
"Rwanda",1985,166.429,175.189,157.441
"Rwanda",1986,161.664,170.846,153.184
"Rwanda",1987,155.033,163.476,147.097
"Rwanda",1988,150.268,158.65,142.056
"Rwanda",1989,150.423,158.403,143.007
"Rwanda",1990,154.429,162.849,146.269
"Rwanda",1991,159.629,168.089,151.495
"Rwanda",1992,165.935,174.799,158.011
"Rwanda",1993,171.667,181.825,162.612
"Rwanda",1994,355.645,566.201,177.999
"Rwanda",1995,182.978,192.729,170.241
"Rwanda",1996,179.687,189.791,170.042
"Rwanda",1997,180.07,190.857,170.079
"Rwanda",1998,175.477,185.548,166.398
"Rwanda",1999,168.192,177.473,159.107
"Rwanda",2000,158.505,167.122,149.797
"Rwanda",2001,149.201,158.276,140.299
"Rwanda",2002,138.336,147.27,130.349
"Rwanda",2003,127.899,136.826,119.922
"Rwanda",2004,115.765,123.203,108.214
"Rwanda",2005,103.564,110.878,96.9084
"Rwanda",2006,92.6524,99.8001,86.3832
"Rwanda",2007,84.4783,91.6573,77.8144
"Rwanda",2008,78.812,85.9837,71.8812
"Rwanda",2009,75.802,83.629,68.348
"Rwanda",2010,73.6539,82.2066,65.6715
"Rwanda",2011,72.7245,82.461,63.5385
"Rwanda",2012,71.7948,83.5088,61.3224
"Rwanda",2013,70.3939,84.2529,58.6093
"Rwanda",2014,68.4219,83.6423,56.0854
"Rwanda",2015,65.6446,81.8087,53.5234
"Tanzania",1980,175.214,180.408,170.28
"Tanzania",1981,173.366,178.121,168.315
"Tanzania",1982,171.602,176.096,166.811
"Tanzania",1983,169.824,174.349,165.095
"Tanzania",1984,167.833,172.248,163.279
"Tanzania",1985,165.559,169.861,161.116
"Tanzania",1986,163.704,167.812,159.485
"Tanzania",1987,161.881,165.747,157.839
"Tanzania",1988,159.563,163.446,155.585
"Tanzania",1989,157.386,161.3,153.481
"Tanzania",1990,155.167,159.19,151.177
"Tanzania",1991,152.857,156.885,148.883
"Tanzania",1992,150.594,154.794,146.712
"Tanzania",1993,148.276,152.399,144.294
"Tanzania",1994,145.743,149.876,141.753
"Tanzania",1995,142.859,146.908,138.729
"Tanzania",1996,139.538,143.515,135.498
"Tanzania",1997,135.651,139.766,131.586
"Tanzania",1998,131.314,135.493,127.265
"Tanzania",1999,126.543,130.616,122.448
"Tanzania",2000,121.483,125.638,117.336
"Tanzania",2001,116.207,120.458,112.043
"Tanzania",2002,110.904,115.038,106.696
"Tanzania",2003,105.693,109.971,101.427
"Tanzania",2004,100.75,105.121,96.6062
"Tanzania",2005,96.0209,100.591,91.5585
"Tanzania",2006,91.7669,96.6631,87.028
"Tanzania",2007,87.6441,92.9972,82.6347
"Tanzania",2008,83.6858,89.2732,78.2013
"Tanzania",2009,80.0166,85.9508,74.2133
"Tanzania",2010,76.2356,83.121,70.2561
"Tanzania",2011,72.6782,80.0113,66.2815
"Tanzania",2012,69.1224,77.1001,62.5327
"Tanzania",2013,66.0049,74.2346,59.1806
"Tanzania",2014,63.0383,71.4179,55.9458
"Tanzania",2015,60.0782,69.1558,52.8935
"Uganda",1980,196.613,204.379,190.11
"Uganda",1981,195.384,202.684,188.884
"Uganda",1982,193.116,200.279,186.635
"Uganda",1983,190.076,197.438,183.89
"Uganda",1984,187.004,193.979,180.913
"Uganda",1985,184.085,190.526,178.152
"Uganda",1986,181.326,187.376,175.601
"Uganda",1987,176.292,180.655,171.844
"Uganda",1988,173.335,177.619,169.271
"Uganda",1989,170.61,174.999,166.406
"Uganda",1990,167.929,172.438,163.674
"Uganda",1991,165.362,169.872,161.237
"Uganda",1992,162.565,167.233,158.567
"Uganda",1993,159.61,164.106,155.615
"Uganda",1994,156.045,160.52,151.87
"Uganda",1995,152.248,156.578,148.156
"Uganda",1996,148.416,152.705,144.316
"Uganda",1997,144.218,148.387,140.11
"Uganda",1998,139.838,143.995,135.815
"Uganda",1999,135.335,139.589,131.225
"Uganda",2000,130.968,135.152,126.877
"Uganda",2001,126.405,130.482,122.327
"Uganda",2002,122.053,125.991,118.052
"Uganda",2003,117.495,121.412,113.594
"Uganda",2004,113.165,117.185,109.176
"Uganda",2005,108.735,112.931,104.645
"Uganda",2006,104.559,108.768,100.187
"Uganda",2007,100.393,104.823,95.7075
"Uganda",2008,96.117,100.942,91.3609
"Uganda",2009,92.1276,97.144,87.1158
"Uganda",2010,88.7697,94.4694,83.4541
"Uganda",2011,84.6651,90.8887,79.147
"Uganda",2012,79.9733,86.6281,74.1094
"Uganda",2013,76.1354,83.4375,69.9921
"Uganda",2014,72.6385,80.3396,66.305
"Uganda",2015,69.35,77.4186,62.8193
"Zambia",1980,160.552,170.163,151.457
"Zambia",1981,159.611,169.369,149.636
"Zambia",1982,158.971,167.937,150.244
"Zambia",1983,160.43,169.543,151.754
"Zambia",1984,163.844,172.867,155.152
"Zambia",1985,168.098,177.173,159.091
"Zambia",1986,171.961,181.034,162.983
"Zambia",1987,172.761,181.386,163.757
"Zambia",1988,170.655,179.408,161.817
"Zambia",1989,169.058,177.696,160.693
"Zambia",1990,168.909,177.341,161.093
"Zambia",1991,169.282,177.885,160.91
"Zambia",1992,169.421,178.446,161.466
"Zambia",1993,168.367,177.565,159.576
"Zambia",1994,165.827,175.242,156.943
"Zambia",1995,161.626,170.352,153.428
"Zambia",1996,157.027,165.139,148.659
"Zambia",1997,153.477,161.995,144.291
"Zambia",1998,152.099,161.41,143.32
"Zambia",1999,150.828,160.268,142.391
"Zambia",2000,147.302,156.691,137.623
"Zambia",2001,140.443,150.108,131.66
"Zambia",2002,131.205,140.367,122.852
"Zambia",2003,122.294,130.781,114.019
"Zambia",2004,114.739,122.744,106.631
"Zambia",2005,108.609,117.053,100.918
"Zambia",2006,103.841,112.213,96.3269
"Zambia",2007,98.9715,106.934,91.6353
"Zambia",2008,94.035,102.672,86.1987
"Zambia",2009,89.6368,98.8944,81.6306
"Zambia",2010,82.9978,90.8404,75.2302
"Zambia",2011,77.321,85.5685,69.6331
"Zambia",2012,73.2986,82.0655,65.4309
"Zambia",2013,69.6276,79.0708,60.722
"Zambia",2014,67.1168,78.187,57.736
"Zambia",2015,65.9332,77.9982,55.3556
"Lesotho",1980,99.9845,106.253,93.9673
"Lesotho",1981,99.2489,105.307,93.577
"Lesotho",1982,98.602,104.733,92.8275
"Lesotho",1983,98.1658,103.969,92.4683
"Lesotho",1984,97.4118,102.985,91.7935
"Lesotho",1985,96.3872,101.708,91.1076
"Lesotho",1986,95.5662,100.639,90.3673
"Lesotho",1987,94.709,99.7057,89.5535
"Lesotho",1988,93.6262,98.3941,88.6519
"Lesotho",1989,92.5133,97.4403,87.5386
"Lesotho",1990,91.5831,96.6822,86.9362
"Lesotho",1991,90.8258,95.8842,86.171
"Lesotho",1992,90.2346,95.1124,85.6093
"Lesotho",1993,90.2621,95.0109,85.7124
"Lesotho",1994,90.9202,95.5553,86.4464
"Lesotho",1995,92.623,97.0785,88.1516
"Lesotho",1996,94.4362,99.1501,89.8675
"Lesotho",1997,96.7844,101.665,92.2296
"Lesotho",1998,99.4507,104.684,94.7669
"Lesotho",1999,102.147,107.352,97.3518
"Lesotho",2000,106.339,111.923,101.162
"Lesotho",2001,110.114,116.03,104.763
"Lesotho",2002,112.793,118.881,107.27
"Lesotho",2003,114.97,121.267,109.162
"Lesotho",2004,116.966,123.562,110.732
"Lesotho",2005,119.607,126.776,112.74
"Lesotho",2006,120.463,128.569,113.061
"Lesotho",2007,117.423,126.292,109.533
"Lesotho",2008,114.754,124.247,106.16
"Lesotho",2009,110.398,120.665,101.159
"Lesotho",2010,104.63,116.384,94.5804
"Lesotho",2011,97.4092,109.656,86.7636
"Lesotho",2012,95.6673,108.977,84.3503
"Lesotho",2013,98.8661,113.951,85.5889
"Lesotho",2014,100.84,117.336,86.1758
"Lesotho",2015,83.667,99.444,70.3417
"Namibia",1980,98.3428,106.461,90.9479
"Namibia",1981,96.7792,104.229,89.8816
"Namibia",1982,93.6801,100.734,87.0105
"Namibia",1983,89.3666,96.3418,83.0441
"Namibia",1984,85.1755,92.1706,78.9132
"Namibia",1985,81.5385,88.1732,75.5983
"Namibia",1986,78.8141,85.1159,73.2782
"Namibia",1987,76.7414,82.5927,70.9581
"Namibia",1988,75.4923,80.6905,70.1482
"Namibia",1989,73.9656,78.9564,68.9463
"Namibia",1990,71.6527,76.2803,67.0121
"Namibia",1991,68.7331,73.4971,64.2551
"Namibia",1992,65.6912,70.3553,61.2565
"Namibia",1993,63.196,67.9058,59.0539
"Namibia",1994,61.1546,65.9324,56.8765
"Namibia",1995,60.1833,65.1792,55.9157
"Namibia",1996,59.984,65.0077,55.6366
"Namibia",1997,60.5254,65.481,55.9996
"Namibia",1998,61.577,66.4878,57.1834
"Namibia",1999,62.4619,67.8206,57.9614
"Namibia",2000,63.7082,68.9302,59.2809
"Namibia",2001,64.3074,69.6483,59.686
"Namibia",2002,64.4855,70.0825,59.4048
"Namibia",2003,64.7372,70.2148,59.5127
"Namibia",2004,65.3563,71.1387,60.0652
"Namibia",2005,64.2569,70.3067,59.1338
"Namibia",2006,62.3059,68.4849,56.6911
"Namibia",2007,61.348,68.0255,55.6042
"Namibia",2008,60.2151,67.4156,53.999
"Namibia",2009,58.7173,65.9221,52.471
"Namibia",2010,55.2605,62.0557,49.0998
"Namibia",2011,51.273,58.2026,45.1411
"Namibia",2012,48.7543,56.0758,42.1572
"Namibia",2013,46.0901,53.8904,38.8875
"Namibia",2014,44.7252,54.4065,36.0977
"Namibia",2015,40.5236,51.5637,31.3862
"Zimbabwe",1980,89.5764,93.2897,85.9546
"Zimbabwe",1981,86.7289,90.1524,83.2671
"Zimbabwe",1982,83.6162,86.933,80.3331
"Zimbabwe",1983,80.2284,83.4224,77.1723
"Zimbabwe",1984,76.8309,79.8095,74.0739
"Zimbabwe",1985,73.6918,76.4246,71.0722
"Zimbabwe",1986,70.9127,73.5455,68.3537
"Zimbabwe",1987,68.6534,71.0019,66.2678
"Zimbabwe",1988,66.8826,69.2335,64.5458
"Zimbabwe",1989,65.697,68.0618,63.383
"Zimbabwe",1990,65.621,67.9561,63.2254
"Zimbabwe",1991,65.9724,68.3979,63.4594
"Zimbabwe",1992,66.7717,69.2919,64.287
"Zimbabwe",1993,67.8584,70.3597,65.2603
"Zimbabwe",1994,68.8987,71.375,66.1996
"Zimbabwe",1995,71.3153,73.8816,68.6377
"Zimbabwe",1996,73.3115,76.0104,70.5921
"Zimbabwe",1997,74.4916,77.3992,71.7013
"Zimbabwe",1998,75.412,78.3819,72.5685
"Zimbabwe",1999,76.3011,79.3743,73.4036
"Zimbabwe",2000,77.8679,80.9674,75.0278
"Zimbabwe",2001,79.3333,82.4879,76.3594
"Zimbabwe",2002,81.0573,84.2519,78.0309
"Zimbabwe",2003,82.5288,85.9558,79.3026
"Zimbabwe",2004,83.9923,87.5222,80.435
"Zimbabwe",2005,83.0249,86.4954,79.5518
"Zimbabwe",2006,81.634,85.2913,78.0745
"Zimbabwe",2007,81.6972,85.6141,77.7744
"Zimbabwe",2008,81.9895,86.2359,77.6436
"Zimbabwe",2009,81.4269,86.3675,76.6154
"Zimbabwe",2010,76.9466,82.3457,71.8112
"Zimbabwe",2011,71.8719,77.8656,66.3762
"Zimbabwe",2012,66.3388,72.9796,60.5796
"Zimbabwe",2013,63.986,71.5348,57.8978
"Zimbabwe",2014,62.7488,71.1491,55.9425
"Zimbabwe",2015,54.8051,63.3122,48.0886
"Benin",1980,223.928,230.946,217.052
"Benin",1981,218.772,225.589,212.004
"Benin",1982,213.785,220.2,207.448
"Benin",1983,209.441,215.64,203.178
"Benin",1984,205.036,211.059,199.054
"Benin",1985,200.551,206.464,194.562
"Benin",1986,196.113,201.819,190.299
"Benin",1987,192.014,197.234,186.549
"Benin",1988,187.907,193.22,182.837
"Benin",1989,184.163,189.636,178.888
"Benin",1990,180.245,185.802,175.052
"Benin",1991,176.262,181.689,171.226
"Benin",1992,172.365,177.992,167.569
"Benin",1993,168.452,173.857,163.666
"Benin",1994,164.771,170.12,159.825
"Benin",1995,160.982,166.215,156.085
"Benin",1996,157.014,162.107,152.053
"Benin",1997,152.93,157.976,147.921
"Benin",1998,148.779,153.719,143.88
"Benin",1999,144.454,149.584,139.482
"Benin",2000,140.005,145.219,135.076
"Benin",2001,135.417,140.414,130.458
"Benin",2002,130.723,135.616,125.83
"Benin",2003,126.073,130.814,121.13
"Benin",2004,121.392,126.448,116.452
"Benin",2005,116.842,122.013,111.731
"Benin",2006,112.405,117.661,106.942
"Benin",2007,108.011,113.642,102.172
"Benin",2008,103.729,109.781,97.8088
"Benin",2009,99.6309,105.902,93.3435
"Benin",2010,95.7769,102.936,89.1964
"Benin",2011,92.1171,99.9689,85.1867
"Benin",2012,88.6465,97.1574,81.2045
"Benin",2013,84.9977,94.3898,77.1584
"Benin",2014,81.407,91.2029,73.1685
"Benin",2015,77.8809,88.3019,69.5089
"Burkina Faso",1980,254.548,261.614,247.903
"Burkina Faso",1981,248.238,254.918,241.568
"Burkina Faso",1982,242.197,248.595,235.741
"Burkina Faso",1983,236.961,243.037,230.649
"Burkina Faso",1984,232.178,238.023,226.108
"Burkina Faso",1985,227.006,232.864,221.244
"Burkina Faso",1986,221.977,227.819,216.279
"Burkina Faso",1987,217.782,223.529,212.351
"Burkina Faso",1988,213.854,219.25,208.592
"Burkina Faso",1989,210.51,215.924,205.308
"Burkina Faso",1990,207.733,213.201,202.612
"Burkina Faso",1991,204.882,210.363,199.724
"Burkina Faso",1992,202.446,207.878,197.269
"Burkina Faso",1993,200.113,205.499,194.992
"Burkina Faso",1994,198.029,203.638,192.962
"Burkina Faso",1995,195.712,201.184,190.485
"Burkina Faso",1996,192.733,198.048,187.447
"Burkina Faso",1997,189.384,194.963,184.256
"Burkina Faso",1998,185.648,191.186,180.291
"Burkina Faso",1999,181.596,187.306,176.116
"Burkina Faso",2000,177.59,183.316,171.86
"Burkina Faso",2001,173.306,179.088,167.63
"Burkina Faso",2002,168.847,174.323,163.027
"Burkina Faso",2003,164.114,169.706,158.274
"Burkina Faso",2004,159.32,165.322,153.1
"Burkina Faso",2005,154.283,160.503,147.868
"Burkina Faso",2006,149.248,155.846,142.444
"Burkina Faso",2007,144.321,151.373,137.052
"Burkina Faso",2008,139.549,147.179,131.989
"Burkina Faso",2009,134.985,142.955,127.183
"Burkina Faso",2010,130.569,139.568,122.277
"Burkina Faso",2011,126.421,136.333,117.84
"Burkina Faso",2012,122.352,132.863,113.111
"Burkina Faso",2013,118.34,129.846,108.629
"Burkina Faso",2014,114.254,126.192,104.028
"Burkina Faso",2015,110.384,123.034,100.102
"Cameroon",1980,167.335,173.387,161.525
"Cameroon",1981,163.073,169.088,157.409
"Cameroon",1982,158.574,164.166,153.135
"Cameroon",1983,154.538,159.794,149.261
"Cameroon",1984,150.572,155.709,145.534
"Cameroon",1985,146.384,151.309,141.568
"Cameroon",1986,143.285,148.095,138.784
"Cameroon",1987,140.067,144.699,135.652
"Cameroon",1988,138.249,142.647,133.802
"Cameroon",1989,137.095,141.423,132.586
"Cameroon",1990,136.775,141.329,132.327
"Cameroon",1991,137.021,141.579,132.72
"Cameroon",1992,137.812,142.265,133.579
"Cameroon",1993,138.936,143.517,134.625
"Cameroon",1994,139.904,144.697,135.309
"Cameroon",1995,140.647,145.429,135.941
"Cameroon",1996,141.025,146.042,136.108
"Cameroon",1997,140.83,145.964,135.715
"Cameroon",1998,140.054,145.342,134.752
"Cameroon",1999,138.818,144.25,133.463
"Cameroon",2000,137.491,143.002,132.054
"Cameroon",2001,135.694,141.286,129.978
"Cameroon",2002,133.322,139.176,127.659
"Cameroon",2003,130.549,136.463,124.534
"Cameroon",2004,127.591,133.592,121.267
"Cameroon",2005,124.645,131.035,118.272
"Cameroon",2006,121.326,128.002,114.526
"Cameroon",2007,117.909,124.887,110.782
"Cameroon",2008,114.28,121.87,107.092
"Cameroon",2009,110.685,118.751,102.943
"Cameroon",2010,106.819,115.538,98.4542
"Cameroon",2011,103.287,113.024,94.1023
"Cameroon",2012,99.8582,110.812,89.9012
"Cameroon",2013,96.2566,107.789,85.5591
"Cameroon",2014,93.1685,105.531,81.583
"Cameroon",2015,89.7559,103.402,77.8693
"Chad",1980,233.645,242.152,225.332
"Chad",1981,233.091,242.086,224.776
"Chad",1982,230.468,238.689,222.685
"Chad",1983,227.541,235.997,219.537
"Chad",1984,224.457,231.97,216.884
"Chad",1985,219.457,227.488,211.96
"Chad",1986,215.097,222.217,208.414
"Chad",1987,214.031,222.316,206.538
"Chad",1988,207.384,214.079,200.785
"Chad",1989,204.043,210.646,197.677
"Chad",1990,201.291,207.567,194.646
"Chad",1991,197.179,203.448,190.907
"Chad",1992,194.978,201.319,188.54
"Chad",1993,192.85,199.32,186.455
"Chad",1994,191.162,197.649,184.663
"Chad",1995,189.556,196.155,182.74
"Chad",1996,188.401,195.329,181.357
"Chad",1997,187.299,194.515,180.08
"Chad",1998,185.835,193.203,178.542
"Chad",1999,184.349,192.124,176.656
"Chad",2000,183.238,191.241,175.621
"Chad",2001,181.221,189.814,173.12
"Chad",2002,179.27,188.216,170.447
"Chad",2003,176.805,186.104,167.475
"Chad",2004,172.442,182.252,162.572
"Chad",2005,167.913,178.33,157.725
"Chad",2006,164.107,175.197,153.376
"Chad",2007,159.844,171.483,148.536
"Chad",2008,156.327,169.183,144.419
"Chad",2009,152.641,166.632,140.591
"Chad",2010,148.24,162.929,135.623
"Chad",2011,144.539,159.962,131.485
"Chad",2012,140.782,157.213,127.159
"Chad",2013,137.298,154.236,123.144
"Chad",2014,134.157,151.856,119.68
"Chad",2015,130.497,148.822,115.865
"Cote d'Ivoire",1980,160.489,166.292,154.913
"Cote d'Ivoire",1981,157.08,162.958,151.781
"Cote d'Ivoire",1982,154.309,160.079,149.181
"Cote d'Ivoire",1983,152.904,158.545,147.98
"Cote d'Ivoire",1984,151.801,157.202,146.874
"Cote d'Ivoire",1985,150.824,156.119,145.795
"Cote d'Ivoire",1986,149.986,155.15,145.252
"Cote d'Ivoire",1987,149.483,154.46,144.72
"Cote d'Ivoire",1988,149.16,154.108,144.356
"Cote d'Ivoire",1989,148.923,153.73,144.142
"Cote d'Ivoire",1990,148.879,153.654,144.197
"Cote d'Ivoire",1991,148.874,154.021,144.138
"Cote d'Ivoire",1992,148.952,154.15,144.144
"Cote d'Ivoire",1993,148.983,154.114,143.776
"Cote d'Ivoire",1994,148.988,154.1,143.696
"Cote d'Ivoire",1995,148.694,153.929,143.303
"Cote d'Ivoire",1996,147.77,153.225,142.387
"Cote d'Ivoire",1997,146.461,151.896,141.002
"Cote d'Ivoire",1998,144.798,150.391,139.249
"Cote d'Ivoire",1999,142.808,148.732,137.126
"Cote d'Ivoire",2000,140.776,146.61,134.98
"Cote d'Ivoire",2001,138.483,144.281,132.815
"Cote d'Ivoire",2002,136.264,142.209,130.209
"Cote d'Ivoire",2003,133.735,139.815,127.527
"Cote d'Ivoire",2004,131.057,137.403,124.799
"Cote d'Ivoire",2005,128.052,134.565,121.532
"Cote d'Ivoire",2006,124.82,131.438,118.134
"Cote d'Ivoire",2007,121.448,128.314,114.746
"Cote d'Ivoire",2008,117.732,125.136,110.497
"Cote d'Ivoire",2009,114.156,122.19,106.597
"Cote d'Ivoire",2010,110.664,119.558,102.85
"Cote d'Ivoire",2011,107.718,117.31,99.2957
"Cote d'Ivoire",2012,104.398,114.706,95.7416
"Cote d'Ivoire",2013,100.826,111.511,91.7159
"Cote d'Ivoire",2014,97.2611,108.812,87.9499
"Cote d'Ivoire",2015,93.4925,105.666,83.6891
"The Gambia",1980,142.418,152.194,132.895
"The Gambia",1981,142.11,152.493,132.027
"The Gambia",1982,135.263,143.693,126.658
"The Gambia",1983,131.71,139.781,123.76
"The Gambia",1984,128.79,136.747,121.315
"The Gambia",1985,126.098,133.506,119.079
"The Gambia",1986,123.161,130.237,116.446
"The Gambia",1987,120.384,127.417,113.966
"The Gambia",1988,117.642,124.382,111.485
"The Gambia",1989,115.163,121.603,109.29
"The Gambia",1990,112.712,118.981,107.009
"The Gambia",1991,110.542,116.33,105.124
"The Gambia",1992,108.502,113.927,103.167
"The Gambia",1993,105.845,111.044,100.761
"The Gambia",1994,103.333,108.093,98.1958
"The Gambia",1995,100.674,105.199,95.6392
"The Gambia",1996,97.696,102.217,92.8677
"The Gambia",1997,94.6582,98.9934,90.0212
"The Gambia",1998,91.5458,95.6794,87.1585
"The Gambia",1999,88.5557,92.6827,84.2035
"The Gambia",2000,85.337,89.5618,81.0936
"The Gambia",2001,82.3738,86.4615,78.3269
"The Gambia",2002,79.6176,83.7494,75.5366
"The Gambia",2003,76.8005,80.8763,72.7548
"The Gambia",2004,73.816,77.7588,69.9038
"The Gambia",2005,70.918,74.8689,66.7927
"The Gambia",2006,68.1006,72.0308,63.9011
"The Gambia",2007,65.3339,69.3544,61.1753
"The Gambia",2008,62.4749,66.4996,58.3454
"The Gambia",2009,59.7048,63.6671,55.6017
"The Gambia",2010,56.9599,61.0821,52.7894
"The Gambia",2011,54.4372,58.5915,50.1914
"The Gambia",2012,51.9735,56.376,47.6534
"The Gambia",2013,49.676,54.2725,45.2852
"The Gambia",2014,47.5471,52.4114,43.1817
"The Gambia",2015,45.3865,50.3061,40.8914
"Ghana",1980,152.487,157.265,147.242
"Ghana",1981,150.804,155.406,145.967
"Ghana",1982,149.262,153.789,144.865
"Ghana",1983,147.699,152.231,143.536
"Ghana",1984,145.24,149.57,141.231
"Ghana",1985,141.92,146.094,137.83
"Ghana",1986,138.171,142.194,134.424
"Ghana",1987,134.425,138.391,130.595
"Ghana",1988,130.381,134.383,126.679
"Ghana",1989,126.408,130.4,123.057
"Ghana",1990,122.707,126.547,119.503
"Ghana",1991,119.157,122.897,115.923
"Ghana",1992,116.09,119.815,112.747
"Ghana",1993,113.54,117.008,110.206
"Ghana",1994,111.635,115.108,108.299
"Ghana",1995,109.307,112.801,105.976
"Ghana",1996,107.364,110.868,104.09
"Ghana",1997,105.283,108.713,102.095
"Ghana",1998,103.094,106.424,99.8185
"Ghana",1999,100.749,104.061,97.582
"Ghana",2000,98.3592,101.701,95.0758
"Ghana",2001,96.0386,99.344,92.8349
"Ghana",2002,93.4885,96.8037,90.3739
"Ghana",2003,90.8398,94.2614,87.5892
"Ghana",2004,88.102,91.4827,84.8159
"Ghana",2005,85.3737,88.7926,82.0531
"Ghana",2006,82.57,85.9023,79.3101
"Ghana",2007,79.6963,83.1918,76.3827
"Ghana",2008,76.7937,80.3584,73.1488
"Ghana",2009,74.0645,77.8281,70.1564
"Ghana",2010,70.9857,75.1563,66.8994
"Ghana",2011,67.4005,72.0255,63.0964
"Ghana",2012,63.8632,69.1448,59.2847
"Ghana",2013,60.9452,66.8311,55.9176
"Ghana",2014,58.3196,65.0182,52.95
"Ghana",2015,55.523,62.6986,49.7644
"Guinea",1980,275.012,286.042,264.868
"Guinea",1981,270.618,281.226,261.218
"Guinea",1982,266.275,276.335,257.315
"Guinea",1983,261.934,271.468,253.026
"Guinea",1984,257.352,266.684,248.571
"Guinea",1985,252.773,261.527,244.343
"Guinea",1986,248.317,256.37,240.167
"Guinea",1987,243.831,251.725,235.903
"Guinea",1988,239.067,246.739,231.73
"Guinea",1989,234.152,241.626,226.999
"Guinea",1990,229.113,236.524,222.298
"Guinea",1991,223.98,231.182,217.177
"Guinea",1992,219.009,226.175,212.177
"Guinea",1993,213.788,220.789,207.059
"Guinea",1994,208.421,215.2,201.887
"Guinea",1995,202.805,209.338,196.535
"Guinea",1996,196.876,203.225,190.795
"Guinea",1997,191.161,197.498,185.106
"Guinea",1998,185.699,192,179.567
"Guinea",1999,180.219,186.659,173.979
"Guinea",2000,175.077,181.332,168.887
"Guinea",2001,169.935,176.281,163.711
"Guinea",2002,164.76,171.115,158.479
"Guinea",2003,159.973,166.568,153.557
"Guinea",2004,155.428,162.325,148.789
"Guinea",2005,151.046,158.136,144.267
"Guinea",2006,146.675,153.933,139.398
"Guinea",2007,142.218,149.789,134.66
"Guinea",2008,137.634,145.729,129.587
"Guinea",2009,133.354,141.976,125.108
"Guinea",2010,129.005,138.558,120.104
"Guinea",2011,124.617,134.41,115.19
"Guinea",2012,120.403,130.951,110.572
"Guinea",2013,116.207,127.212,105.764
"Guinea",2014,112.712,124.64,101.751
"Guinea",2015,108.745,121.406,97.0993
"Liberia",1980,243.131,252.252,233.469
"Liberia",1981,239.341,248.018,230.367
"Liberia",1982,236.32,244.767,227.607
"Liberia",1983,233.414,241.356,225.514
"Liberia",1984,231.63,239.08,224.022
"Liberia",1985,230.152,237.749,222.873
"Liberia",1986,228.867,236.683,221.397
"Liberia",1987,227.508,235.214,219.944
"Liberia",1988,225.423,232.944,217.747
"Liberia",1989,223.006,230.785,215.214
"Liberia",1990,225.867,235.551,216.953
"Liberia",1991,220.403,228.279,212.854
"Liberia",1992,218.108,225.543,210.668
"Liberia",1993,218.39,227.29,210.68
"Liberia",1994,217.162,228.226,207.913
"Liberia",1995,210.557,218.844,203.093
"Liberia",1996,207.525,215.9,199.617
"Liberia",1997,197.046,203.749,190.816
"Liberia",1998,188.778,195.163,182.664
"Liberia",1999,178.779,184.663,173.216
"Liberia",2000,167.181,172.695,161.915
"Liberia",2001,156.159,161.521,150.917
"Liberia",2002,146.898,152.934,141.396
"Liberia",2003,138.969,145.115,133.17
"Liberia",2004,127.869,132.591,122.97
"Liberia",2005,119.905,124.577,115.127
"Liberia",2006,112.75,117.339,107.96
"Liberia",2007,105.925,110.541,101.078
"Liberia",2008,100.196,104.921,95.2675
"Liberia",2009,95.5269,100.821,90.2815
"Liberia",2010,91.2848,97.114,85.8558
"Liberia",2011,86.9035,93.157,81.2279
"Liberia",2012,82.8457,89.7261,76.957
"Liberia",2013,78.4548,85.9342,72.2495
"Liberia",2014,75.725,83.5833,69.0012
"Liberia",2015,71.3909,79.7068,64.6445
"Mali",1980,276.409,284.06,268.721
"Mali",1981,270.485,277.898,263.116
"Mali",1982,264.513,272.003,257.344
"Mali",1983,259.202,266.716,252.364
"Mali",1984,254.196,261.557,247.423
"Mali",1985,249.067,256.482,242.754
"Mali",1986,243.911,251.174,237.744
"Mali",1987,239.347,246.432,233.089
"Mali",1988,235.926,242.671,229.595
"Mali",1989,232.355,238.91,226.107
"Mali",1990,228.957,235.135,222.749
"Mali",1991,225.374,231.697,218.99
"Mali",1992,222.291,228.495,216.152
"Mali",1993,219.132,225.542,212.959
"Mali",1994,216.277,222.83,210.043
"Mali",1995,212.945,219.183,206.884
"Mali",1996,209.545,216.121,202.996
"Mali",1997,205.667,212.055,199.188
"Mali",1998,203.819,211.636,196.608
"Mali",1999,196.54,202.928,190.045
"Mali",2000,192.598,199.062,186.085
"Mali",2001,187.446,194.173,180.835
"Mali",2002,182.447,189.414,175.784
"Mali",2003,177.359,184.627,170.727
"Mali",2004,172.363,179.726,165.506
"Mali",2005,167.489,174.867,160.441
"Mali",2006,162.973,170.608,155.542
"Mali",2007,158.92,166.895,150.937
"Mali",2008,154.998,163.152,146.587
"Mali",2009,151.147,160.628,141.7
"Mali",2010,147.347,157.843,137.148
"Mali",2011,143.316,155.079,132.273
"Mali",2012,139.946,153.129,128.235
"Mali",2013,136.922,152.149,123.74
"Mali",2014,133.518,150.687,119.536
"Mali",2015,130.199,148.875,115.367
"Niger",1980,316.202,324.925,307.308
"Niger",1981,314.661,323.345,305.975
"Niger",1982,313.573,321.787,305.248
"Niger",1983,312.144,320.164,303.937
"Niger",1984,312.088,320.093,304.162
"Niger",1985,311.067,318.84,303.082
"Niger",1986,309.489,317.132,301.574
"Niger",1987,307.24,314.337,299.769
"Niger",1988,303.903,311.243,296.915
"Niger",1989,300.345,307.956,293.094
"Niger",1990,296.077,303.939,288.566
"Niger",1991,291.106,298.922,283.843
"Niger",1992,285.978,294.289,278.991
"Niger",1993,280.037,287.977,272.942
"Niger",1994,273.077,281.036,265.69
"Niger",1995,265.812,273.608,258.474
"Niger",1996,257.796,265.322,250.284
"Niger",1997,249.881,257.491,242.383
"Niger",1998,241.187,248.706,233.765
"Niger",1999,232.407,240.147,224.776
"Niger",2000,223.676,231.35,216.23
"Niger",2001,214.434,221.788,206.948
"Niger",2002,204.701,211.789,197.547
"Niger",2003,194.955,202.027,187.91
"Niger",2004,185.176,192.457,177.97
"Niger",2005,175.877,183.363,168.563
"Niger",2006,166.579,173.962,158.939
"Niger",2007,158.17,165.877,150.049
"Niger",2008,149.976,158.263,141.852
"Niger",2009,143.16,151.691,134.562
"Niger",2010,137.039,146.655,128.087
"Niger",2011,131.726,142.407,122.317
"Niger",2012,126.835,138.364,116.695
"Niger",2013,121.986,134.735,111.284
"Niger",2014,117.201,130.553,105.879
"Niger",2015,112.774,127.059,101.266
"Nigeria",1980,223.965,232.076,216.34
"Nigeria",1981,220.193,227.876,212.927
"Nigeria",1982,216.916,224.731,210.184
"Nigeria",1983,214.921,222.212,208.454
"Nigeria",1984,213.613,220.445,206.971
"Nigeria",1985,211.913,218.766,205.567
"Nigeria",1986,211.244,217.908,204.847
"Nigeria",1987,211.065,217.382,204.717
"Nigeria",1988,210.585,216.99,204.009
"Nigeria",1989,209.536,215.955,203.148
"Nigeria",1990,207.876,214.158,201.673
"Nigeria",1991,206.284,212.656,200.161
"Nigeria",1992,204.519,210.834,198.592
"Nigeria",1993,202.481,208.972,196.102
"Nigeria",1994,200.351,206.589,193.935
"Nigeria",1995,198.197,204.093,192.158
"Nigeria",1996,195.526,201.47,189.488
"Nigeria",1997,192.557,198.488,186.468
"Nigeria",1998,189.506,195.316,183.475
"Nigeria",1999,186.403,192.25,180.156
"Nigeria",2000,183.06,189.015,177.121
"Nigeria",2001,179.606,185.503,174.043
"Nigeria",2002,176.053,182.254,170.575
"Nigeria",2003,171.914,178.064,166.245
"Nigeria",2004,166.897,173.146,161.176
"Nigeria",2005,161.5,167.843,155.754
"Nigeria",2006,155.991,161.876,150.045
"Nigeria",2007,149.98,155.999,144.003
"Nigeria",2008,144.302,150.82,137.617
"Nigeria",2009,138.522,145.688,131.569
"Nigeria",2010,132.583,140.4,125.3
"Nigeria",2011,126.119,135.075,117.902
"Nigeria",2012,120.643,130.455,111.354
"Nigeria",2013,115.123,126.087,105.371
"Nigeria",2014,110.232,122.147,99.4425
"Nigeria",2015,103.839,116.275,92.5561
"Senegal",1980,195.955,201.054,190.93
"Senegal",1981,189.341,194.102,184.645
"Senegal",1982,182.507,187.065,178.088
"Senegal",1983,176.241,180.475,172.043
"Senegal",1984,170.657,174.727,166.493
"Senegal",1985,165.177,169.01,161.295
"Senegal",1986,160.201,163.883,156.553
"Senegal",1987,155.425,159.143,151.916
"Senegal",1988,151.144,154.762,147.532
"Senegal",1989,147.421,151.139,144.023
"Senegal",1990,144.234,147.826,140.948
"Senegal",1991,141.53,145.174,138.149
"Senegal",1992,139.457,143.16,135.997
"Senegal",1993,137.663,141.478,134.297
"Senegal",1994,135.837,139.541,132.441
"Senegal",1995,134.006,137.7,130.652
"Senegal",1996,131.632,135.174,128.236
"Senegal",1997,129.021,132.441,125.565
"Senegal",1998,125.794,129.155,122.433
"Senegal",1999,122.009,125.443,118.623
"Senegal",2000,117.626,121.064,114.349
"Senegal",2001,112.719,115.932,109.509
"Senegal",2002,107.965,111.019,104.908
"Senegal",2003,102.563,105.432,99.6116
"Senegal",2004,97.3423,100.366,94.4479
"Senegal",2005,91.988,94.9506,89.1296
"Senegal",2006,87.009,89.9393,84.0805
"Senegal",2007,82.0239,84.9722,79.0359
"Senegal",2008,77.4398,80.4138,74.3527
"Senegal",2009,72.998,76.0928,69.8255
"Senegal",2010,68.8951,72.3076,65.727
"Senegal",2011,64.9679,68.7097,61.6567
"Senegal",2012,61.4334,65.3906,57.8683
"Senegal",2013,58.0651,62.4068,54.3737
"Senegal",2014,55.0183,59.5764,51.0972
"Senegal",2015,52.2532,57.1565,48.2316
"Sierra Leone",1980,275.045,289.327,260.437
"Sierra Leone",1981,273.24,285.89,259.963
"Sierra Leone",1982,270.826,282.584,258.909
"Sierra Leone",1983,268.438,279.282,257.475
"Sierra Leone",1984,265.682,275.971,255.586
"Sierra Leone",1985,263.015,272.416,253.541
"Sierra Leone",1986,260.238,269.39,251.042
"Sierra Leone",1987,257.028,265.74,248.617
"Sierra Leone",1988,253.578,261.968,245.575
"Sierra Leone",1989,249.813,257.693,242.312
"Sierra Leone",1990,245.643,253.631,238.567
"Sierra Leone",1991,242.145,250.011,235.072
"Sierra Leone",1992,238.425,246.021,231.546
"Sierra Leone",1993,234.392,241.786,227.952
"Sierra Leone",1994,230.812,238.18,224.137
"Sierra Leone",1995,227.382,234.573,220.613
"Sierra Leone",1996,222.527,229.233,216.294
"Sierra Leone",1997,219.567,225.987,213.362
"Sierra Leone",1998,218.845,226.462,211.895
"Sierra Leone",1999,216.679,225.066,209.05
"Sierra Leone",2000,210.358,216.51,204.525
"Sierra Leone",2001,205.336,211.136,199.173
"Sierra Leone",2002,199.622,205.481,193.419
"Sierra Leone",2003,193.634,199.439,187.423
"Sierra Leone",2004,187.57,193.356,181.414
"Sierra Leone",2005,181.492,187.321,175.372
"Sierra Leone",2006,175.306,181.596,168.998
"Sierra Leone",2007,169.059,175.454,162.647
"Sierra Leone",2008,162.66,169.587,155.847
"Sierra Leone",2009,156.708,163.98,149.689
"Sierra Leone",2010,150.564,157.999,143.175
"Sierra Leone",2011,144.616,152.429,136.81
"Sierra Leone",2012,138.389,147.07,130.243
"Sierra Leone",2013,131.987,141.179,123.374
"Sierra Leone",2014,128.464,138.138,119.392
"Sierra Leone",2015,122.403,132.222,113.029
"Togo",1980,168.863,175.004,162.694
"Togo",1981,165.074,171.144,159.142
"Togo",1982,161.803,167.677,156.029
"Togo",1983,159.371,165.057,153.966
"Togo",1984,156.953,162.468,151.613
"Togo",1985,154.672,160.006,149.388
"Togo",1986,152.554,157.841,147.193
"Togo",1987,150.774,155.721,145.587
"Togo",1988,148.777,153.917,143.684
"Togo",1989,146.74,151.884,141.709
"Togo",1990,144.529,149.592,139.631
"Togo",1991,142.409,147.484,137.403
"Togo",1992,140.4,145.455,135.473
"Togo",1993,139.139,144.218,134.043
"Togo",1994,137.392,142.546,132.299
"Togo",1995,135.148,140.091,130.095
"Togo",1996,132.733,137.773,127.484
"Togo",1997,130.071,135.172,124.906
"Togo",1998,127.765,132.938,122.616
"Togo",1999,125.328,130.554,120.115
"Togo",2000,123.004,128.385,117.622
"Togo",2001,120.678,125.84,115.405
"Togo",2002,118.223,123.537,112.936
"Togo",2003,115.598,120.835,110.267
"Togo",2004,112.937,118.192,107.658
"Togo",2005,110.448,115.729,105.108
"Togo",2006,107.325,112.752,101.972
"Togo",2007,104.383,110.057,99.0185
"Togo",2008,101.328,107.016,95.8523
"Togo",2009,98.2215,104.234,92.5414
"Togo",2010,95.0172,101.464,89.3084
"Togo",2011,91.4104,98.2873,85.3611
"Togo",2012,87.8907,95.1147,81.6009
"Togo",2013,84.6302,92.3965,78.2105
"Togo",2014,81.4208,89.3877,74.8506
"Togo",2015,78.0398,86.4836,71.1665
